,index,year,name,race_id,weather_description,is_it_wet;;
"0,1950,Italian Grand Prix,839,""Warm, hot and sunny"",Not Wet";;
1,1950,French Grand Prix,838,Hot and sunny,Not Wet;;
"2,1950,Belgian Grand Prix,837,""Warm, dry and sunny"",Not Wet";;
"3,1950,Swiss Grand Prix,836,""Warm, dry and sunny"",Not Wet";;
4,1950,Indianapolis 500,835,No weather description,Not Wet;;
5,1950,Monaco Grand Prix,834,No weather description,Not Wet;;
"6,1950,British Grand Prix,833,""Sunny, mild, dry."",Not Wet";;
7,1951,Italian Grand Prix,831,Warm and sunny,Not Wet;;
"8,1951,Spanish Grand Prix,832,""Hot, Dry"",Not Wet";;
"9,1951,German Grand Prix,830,""Sunny, Mild, Dry"",Not Wet";;
"10,1951,British Grand Prix,829,""Mild, Dry"",Not Wet";;
"11,1951,French Grand Prix,828,""Sunny, Hot, Dry"",Not Wet";;
"12,1951,Belgian Grand Prix,827,""Sunny, Mild, Dry"",Not Wet";;
13,1951,Indianapolis 500,826,No weather description,Not Wet;;
"14,1951,Swiss Grand Prix,825,""Overcast, rain"",Wet";;
15,1952,Swiss Grand Prix,817,Sunny,Not Wet;;
16,1952,Dutch Grand Prix,823,Rainy,Wet;;
17,1952,Indianapolis 500,818,No weather description,Not Wet;;
18,1952,Belgian Grand Prix,819,Rain,Wet;;
19,1952,French Grand Prix,820,Rain,Wet;;
"20,1952,British Grand Prix,821,""Overcast, dry."",Not Wet";;
21,1952,German Grand Prix,822,Sunny,Not Wet;;
22,1952,Italian Grand Prix,824,Sunny,Not Wet;;
"23,1953,Italian Grand Prix,816,""Sunny, mild, dry"",Not Wet";;
"24,1953,Swiss Grand Prix,815,""Sunny, mild, dry"",Not Wet";;
"25,1953,German Grand Prix,814,""Sunny, mild, dry"",Not Wet";;
"26,1953,British Grand Prix,813,""Overcast, showers"",Wet";;
"27,1953,French Grand Prix,812,""Hot, dry"",Not Wet";;
"28,1953,Belgian Grand Prix,811,""Hot, dry"",Not Wet";;
29,1953,Indianapolis 500,809,No weather description,Not Wet;;
"30,1953,Argentine Grand Prix,808,""Hot, dry"",Not Wet";;
"31,1953,Dutch Grand Prix,810,""Sunny, mild, dry"",Not Wet";;
"32,1954,German Grand Prix,804,""Sunny, dry"",Not Wet";;
"33,1954,Spanish Grand Prix,807,""Sunny, mild, dry"",Not Wet";;
"34,1954,Italian Grand Prix,806,""Sunny, mild, dry"",Not Wet";;
35,1954,Swiss Grand Prix,805,Rain,Wet;;
"36,1954,French Grand Prix,802,""Overcast, wet"",Wet";;
"37,1954,British Grand Prix,803,""Cold, wet (heavy rain).[1]"",Wet";;
"38,1954,Argentine Grand Prix,799,""Overcast, wet"",Wet";;
"39,1954,Belgian Grand Prix,801,""Sunny, mild, dry"",Not Wet";;
40,1954,Indianapolis 500,800,No weather description,Not Wet;;
"41,1955,British Grand Prix,797,""Hot, dry.[1]"",Not Wet";;
42,1955,Dutch Grand Prix,796,Drizzly,Not Wet;;
43,1955,Belgian Grand Prix,795,No weather description,Not Wet;;
44,1955,Indianapolis 500,794,No weather description,Not Wet;;
45,1955,Monaco Grand Prix,793,No weather description,Not Wet;;
46,1955,Argentine Grand Prix,792,Very hot and dry,Not Wet;;
47,1955,Italian Grand Prix,798,No weather description,Not Wet;;
48,1956,German Grand Prix,790,No weather description,Not Wet;;
"49,1956,British Grand Prix,789,""Overcast, dry"",Not Wet";;
50,1956,French Grand Prix,788,No weather description,Not Wet;;
"51,1956,Belgian Grand Prix,787,""Wet and overcast, later drying"",Wet";;
52,1956,Indianapolis 500,786,No weather description,Not Wet;;
"53,1956,Monaco Grand Prix,785,""Warm, dry, sunny"",Not Wet";;
54,1956,Argentine Grand Prix,784,Overcast but dry,Not Wet;;
"55,1956,Italian Grand Prix,791,""Cloudy, warm, alternating light rain"",Wet";;
"56,1957,British Grand Prix,780,""Overcast, dry."",Not Wet";;
"57,1957,Pescara Grand Prix,782,""Sunny, very hot, dry"",Not Wet";;
58,1957,Italian Grand Prix,783,No weather description,Not Wet;;
59,1957,German Grand Prix,781,No weather description,Not Wet;;
60,1957,Indianapolis 500,778,No weather description,Not Wet;;
61,1957,Monaco Grand Prix,777,No weather description,Not Wet;;
62,1957,French Grand Prix,779,No weather description,Not Wet;;
63,1957,Argentine Grand Prix,776,No weather description,Not Wet;;
64,1958,British Grand Prix,771,No weather description,Not Wet;;
65,1958,Argentine Grand Prix,765,No weather description,Not Wet;;
66,1958,Monaco Grand Prix,766,No weather description,Not Wet;;
67,1958,Dutch Grand Prix,767,No weather description,Not Wet;;
68,1958,Indianapolis 500,768,No weather description,Not Wet;;
"69,1958,Belgian Grand Prix,769,""Hot, dry"",Not Wet";;
70,1958,French Grand Prix,770,No weather description,Not Wet;;
71,1958,German Grand Prix,772,No weather description,Not Wet;;
72,1958,Portuguese Grand Prix,773,No weather description,Not Wet;;
73,1958,Italian Grand Prix,774,No weather description,Not Wet;;
"74,1958,Moroccan Grand Prix,775,""Warm, dry, sunny"",Not Wet";;
75,1959,British Grand Prix,760,Dry and sunny.,Not Wet;;
76,1959,Dutch Grand Prix,758,Sunny,Not Wet;;
77,1959,United States Grand Prix,764,Sunny with temperatures reaching up to 25Â Â°C (77Â Â°F);Winds speeds up to 25.93Â km/h (16.11Â mph)[1],Not Wet;
78,1959,Italian Grand Prix,763,Dry and sunny,Not Wet;;
"79,1959,French Grand Prix,759,""Hot, dry"",Not Wet";;
80,1959,Portuguese Grand Prix,762,Hot and clear.,Not Wet;;
81,1959,German Grand Prix,761,Dry and dull.,Not Wet;;
82,1959,Indianapolis 500,757,No weather description,Not Wet;;
"83,1959,Monaco Grand Prix,756,""Hot, clear"",Not Wet";;
84,1960,Belgian Grand Prix,750,No weather description,Not Wet;;
85,1960,Indianapolis 500,748,No weather description,Not Wet;;
86,1960,United States Grand Prix,755,Temperatures up to 24.4Â Â°C (75.9Â Â°F);Wind speeds up to 18.33Â km/h (11.39Â mph)[1],Not Wet;
"87,1960,Italian Grand Prix,754,""Warm, dry"",Not Wet";;
88,1960,Portuguese Grand Prix,753,No weather description,Not Wet;;
"89,1960,British Grand Prix,752,""Dry, overcast."",Not Wet";;
90,1960,Monaco Grand Prix,747,No weather description,Not Wet;;
91,1960,Dutch Grand Prix,749,No weather description,Not Wet;;
92,1960,Argentine Grand Prix,746,Dry,Not Wet;;
93,1960,French Grand Prix,751,Dry,Not Wet;;
94,1961,Italian Grand Prix,744,Sunny,Not Wet;;
95,1961,United States Grand Prix,745,Temperatures up to 22Â Â°C (72Â Â°F);Wind speeds up to 16.48Â km/h (10.24Â mph)[1],Not Wet;
"96,1961,British Grand Prix,742,""Torrential rain, drying later"",Wet";;
97,1961,French Grand Prix,741,Sunny,Not Wet;;
98,1961,Dutch Grand Prix,739,Sunny,Not Wet;;
99,1961,Monaco Grand Prix,738,Sunny,Not Wet;;
100,1961,German Grand Prix,743,Wet,Wet;;
101,1961,Belgian Grand Prix,740,Sunny,Not Wet;;
102,1962,United States Grand Prix,736,Sunny,Not Wet;;
103,1962,Dutch Grand Prix,729,Sunny,Not Wet;;
104,1962,Monaco Grand Prix,730,Cloudy,Not Wet;;
105,1962,Belgian Grand Prix,731,Sunny,Not Wet;;
106,1962,French Grand Prix,732,Sunny,Not Wet;;
107,1962,German Grand Prix,734,Heavy rain showers,Wet;;
"108,1962,Italian Grand Prix,735,""Dry, with rain later"",Wet";;
"109,1962,South African Grand Prix,737,""Dry, windy"",Not Wet";;
110,1962,British Grand Prix,733,Sunny,Not Wet;;
"111,1963,Italian Grand Prix,725,""Warm, dry and sunny"",Not Wet";;
112,1963,Belgian Grand Prix,720,Wet and overcast,Wet;;
"113,1963,South African Grand Prix,728,""Hot, dry and windy"",Not Wet";;
"114,1963,Mexican Grand Prix,727,""Overcast, dry"",Not Wet";;
115,1963,United States Grand Prix,726,Sunny,Not Wet;;
"116,1963,German Grand Prix,724,""Warm, dry and sunny, 21C."",Not Wet";;
"117,1963,British Grand Prix,723,""Warm, dry and sunny"",Not Wet";;
"118,1963,French Grand Prix,722,""Sunny, then rain"",Wet";;
119,1963,Dutch Grand Prix,721,Sunny,Not Wet;;
"120,1963,Monaco Grand Prix,719,""Warm, dry and sunny"",Not Wet";;
121,1964,French Grand Prix,712,Dry,Not Wet;;
"122,1964,British Grand Prix,713,""Warm, dry"",Not Wet";;
123,1964,Austrian Grand Prix,715,Dry,Not Wet;;
124,1964,Monaco Grand Prix,709,No weather description,Not Wet;;
"125,1964,United States Grand Prix,717,""Sunny, warm"",Not Wet";;
126,1964,Mexican Grand Prix,718,No weather description,Not Wet;;
127,1964,Belgian Grand Prix,711,Dry,Not Wet;;
128,1964,Italian Grand Prix,716,Dry,Not Wet;;
129,1964,Dutch Grand Prix,710,Dry,Not Wet;;
130,1964,German Grand Prix,714,Dry,Not Wet;;
131,1965,Mexican Grand Prix,708,No weather description,Not Wet;;
132,1965,German Grand Prix,705,Overcast and dry,Not Wet;;
133,1965,Dutch Grand Prix,704,No weather description,Not Wet;;
"134,1965,British Grand Prix,703,""Warm, dry and overcast"",Not Wet";;
135,1965,French Grand Prix,702,Sunny,Not Wet;;
136,1965,Belgian Grand Prix,701,Heavy rain,Wet;;
137,1965,Monaco Grand Prix,700,No weather description,Not Wet;;
138,1965,South African Grand Prix,699,No weather description,Not Wet;;
"139,1965,United States Grand Prix,707,""Rainy, windy, cold"",Wet";;
140,1965,Italian Grand Prix,706,No weather description,Not Wet;;
"141,1966,Italian Grand Prix,696,""Warm, dry and sunny"",Not Wet";;
142,1966,German Grand Prix,695,Overcast and wet,Wet;;
"143,1966,Dutch Grand Prix,694,""Sunny, Mild, Dry"",Not Wet";;
"144,1966,British Grand Prix,693,""Wet, drying later"",Wet";;
"145,1966,French Grand Prix,692,""Hot, dry"",Not Wet";;
146,1966,Belgian Grand Prix,691,Overcast and wet,Wet;;
"147,1966,Monaco Grand Prix,690,""Overcast, Mild, Dry"",Not Wet";;
"148,1966,United States Grand Prix,697,""Cool, dry"",Not Wet";;
"149,1966,Mexican Grand Prix,698,""Warm, clear"",Not Wet";;
150,1967,South African Grand Prix,679,No weather description,Not Wet;;
151,1967,Dutch Grand Prix,681,No weather description,Not Wet;;
152,1967,Mexican Grand Prix,689,No weather description,Not Wet;;
153,1967,United States Grand Prix,688,Sunny,Not Wet;;
"154,1967,Italian Grand Prix,687,""Warm, dry"",Not Wet";;
155,1967,Canadian Grand Prix,686,Rainy with temperatures up to 24.4Â Â°C (75.9Â Â°F); wind speeds up to 8 kilometres per hour (5.0Â mph)[1],Wet;
"156,1967,German Grand Prix,685,""Warm, dry and sunny"",Not Wet";;
157,1967,British Grand Prix,684,No weather description,Not Wet;;
158,1967,French Grand Prix,683,No weather description,Not Wet;;
159,1967,Belgian Grand Prix,682,No weather description,Not Wet;;
160,1967,Monaco Grand Prix,680,No weather description,Not Wet;;
161,1968,Dutch Grand Prix,671,Showers,Wet;;
162,1968,French Grand Prix,672,Wet,Wet;;
"163,1968,British Grand Prix,673,""Hot, Dry"",Not Wet";;
"164,1968,German Grand Prix,674,""Hazy, Wet"",Wet";;
"165,1968,Italian Grand Prix,675,""Hot, Dry"",Not Wet";;
"166,1968,South African Grand Prix,667,""Very hot, dry"",Not Wet";;
167,1968,United States Grand Prix,677,Temperatures reaching a maximum of 20Â Â°C (68Â Â°F);wind speeds up to 14.82Â km/h (9.21Â mph)[1],Not Wet;
"168,1968,Mexican Grand Prix,678,""Sunny, Mild, Dry"",Not Wet";;
"169,1968,Belgian Grand Prix,670,""Overcast, Dry"",Not Wet";;
"170,1968,Monaco Grand Prix,669,""Sunny, Mild, Dry"",Not Wet";;
171,1968,Canadian Grand Prix,676,Sunny with temperatures reaching up to 27.8Â Â°C (82.0Â Â°F) and wind speeds up to 10.1 kilometres per hour (6.3Â mph); no precipitation reported throughout the day[1],Not Wet;
"172,1968,Spanish Grand Prix,668,""Hot, Dry"",Not Wet";;
"173,1969,French Grand Prix,660,""Sunny, mild, dry"",Not Wet";;
"174,1969,Spanish Grand Prix,657,""Sunny, mild, dry"",Not Wet";;
175,1969,Mexican Grand Prix,666,Warm and dry,Not Wet;;
176,1969,United States Grand Prix,665,Dry with temperatures reaching up to 18Â Â°C (64Â Â°F);Wind speeds up to 18.70Â km/h (11.62Â mph)[1],Not Wet;
177,1969,Canadian Grand Prix,664,Mild with temperatures approaching 21.1Â Â°C (70.0Â Â°F); wind speeds up to 10.1 kilometres per hour (6.3Â mph)[1],Not Wet;
"178,1969,Italian Grand Prix,663,""Sunny, Dry"",Not Wet";;
179,1969,German Grand Prix,662,No weather description,Not Wet;;
"180,1969,British Grand Prix,661,""Overcast, dry"",Not Wet";;
"181,1969,Dutch Grand Prix,659,""Sunny, mild, dry"",Not Wet";;
"182,1969,Monaco Grand Prix,658,""Overcast, mild, dry"",Not Wet";;
"183,1969,South African Grand Prix,656,""Hot, Dry"",Not Wet";;
"184,1970,Spanish Grand Prix,644,""Very hot, Dry"",Not Wet";;
185,1970,Mexican Grand Prix,655,No weather description,Not Wet;;
186,1970,Monaco Grand Prix,645,Sunny and warm,Not Wet;;
187,1970,United States Grand Prix,654,Cloudy and dry with temperatures reaching up to 10Â Â°C (50Â Â°F);Wind speeds up to 29.5Â km/h (18.3Â mph)[1],Not Wet;
188,1970,Canadian Grand Prix,653,Mild with temperatures approaching 23.3Â Â°C (73.9Â Â°F); winds gusting up to 10.1 kilometres per hour (6.3Â mph)[1],Not Wet;
"189,1970,Italian Grand Prix,652,""Sunny, Dry"",Not Wet";;
190,1970,Austrian Grand Prix,651,No weather description,Not Wet;;
191,1970,German Grand Prix,650,No weather description,Not Wet;;
192,1970,British Grand Prix,649,No weather description,Not Wet;;
193,1970,Belgian Grand Prix,646,No weather description,Not Wet;;
194,1970,French Grand Prix,648,Overcast,Not Wet;;
195,1970,Dutch Grand Prix,647,Cloudy,Not Wet;;
"196,1970,South African Grand Prix,643,""Very hot, Dry"",Not Wet";;
197,1971,Dutch Grand Prix,635,Wet,Wet;;
198,1971,United States Grand Prix,642,Dry,Not Wet;;
199,1971,Canadian Grand Prix,641,Rainy and foggy with temperatures approaching 17.8Â Â°C (64.0Â Â°F); wind speeds up to 8 kilometres per hour (5.0Â mph)[1],Wet;
200,1971,Italian Grand Prix,640,No weather description,Not Wet;;
201,1971,Austrian Grand Prix,639,Dry,Not Wet;;
202,1971,German Grand Prix,638,No weather description,Not Wet;;
"203,1971,British Grand Prix,637,""Overcast, dry"",Not Wet";;
204,1971,French Grand Prix,636,No weather description,Not Wet;;
205,1971,Monaco Grand Prix,634,Overcast,Not Wet;;
"206,1971,Spanish Grand Prix,633,""Sunny, Hot, Dry"",Not Wet";;
"207,1971,South African Grand Prix,632,""Sunny, Hot, Dry"",Not Wet";;
"208,1972,Austrian Grand Prix,628,""Sunny, hot"",Not Wet";;
209,1972,Italian Grand Prix,629,Dry and sunny,Not Wet;;
210,1972,Spanish Grand Prix,622,No weather description,Not Wet;;
"211,1972,United States Grand Prix,631,""Sunny at start, brief showers late"",Wet";;
212,1972,German Grand Prix,627,No weather description,Not Wet;;
213,1972,Canadian Grand Prix,630,Mild with temperatures approaching 22.8Â Â°C (73.0Â Â°F); wind speeds up to 12 kilometres per hour (7.5Â mph)[1],Not Wet;
214,1972,Monaco Grand Prix,623,Wet,Wet;;
"215,1972,British Grand Prix,626,""Warm, dry"",Not Wet";;
216,1972,Belgian Grand Prix,624,No weather description,Not Wet;;
"217,1972,South African Grand Prix,621,""Sunny, Hot, Dry"",Not Wet";;
218,1972,Argentine Grand Prix,620,No weather description,Not Wet;;
219,1972,French Grand Prix,625,No weather description,Not Wet;;
220,1973,United States Grand Prix,619,Cloudy with temperatures approaching 20Â Â°C (68Â Â°F);Wind speeds up to 14.82Â km/h (9.21Â mph)[1],Not Wet;
221,1973,Canadian Grand Prix,618,Mild with temperatures approaching 22.2Â Â°C (72.0Â Â°F); wind speeds up to 11.8 kilometres per hour (7.3Â mph)[1],Not Wet;
222,1973,Italian Grand Prix,617,No weather description,Not Wet;;
223,1973,Austrian Grand Prix,616,No weather description,Not Wet;;
224,1973,German Grand Prix,615,Dry,Not Wet;;
225,1973,Argentine Grand Prix,605,No weather description,Not Wet;;
226,1973,French Grand Prix,612,Sunny and warm,Not Wet;;
227,1973,Swedish Grand Prix,611,No weather description,Not Wet;;
228,1973,Monaco Grand Prix,610,No weather description,Not Wet;;
"229,1973,Belgian Grand Prix,609,""Warm, dry"",Not Wet";;
"230,1973,Spanish Grand Prix,608,""Sunny, Hot, Dry"",Not Wet";;
"231,1973,South African Grand Prix,607,""Sunny, Hot, Dry"",Not Wet";;
232,1973,Brazilian Grand Prix,606,Sunny and hot,Not Wet;;
233,1973,British Grand Prix,613,Dry,Not Wet;;
234,1973,Dutch Grand Prix,614,Dry,Not Wet;;
235,1974,South African Grand Prix,592,No weather description,Not Wet;;
"236,1974,United States Grand Prix,604,""Clear, warm"",Not Wet";;
237,1974,Argentine Grand Prix,590,Hot and sunny,Not Wet;;
"238,1974,Brazilian Grand Prix,591,""Hot and partially cloudy in the first phase, then seasonal monsoon later."",Wet";;
239,1974,Spanish Grand Prix,593,No weather description,Not Wet;;
240,1974,Belgian Grand Prix,594,No weather description,Not Wet;;
241,1974,Swedish Grand Prix,596,No weather description,Not Wet;;
242,1974,Dutch Grand Prix,597,No weather description,Not Wet;;
243,1974,Monaco Grand Prix,595,No weather description,Not Wet;;
244,1974,British Grand Prix,599,No weather description,Not Wet;;
"245,1974,German Grand Prix,600,""Overcast, showers"",Wet";;
246,1974,Austrian Grand Prix,601,No weather description,Not Wet;;
247,1974,Italian Grand Prix,602,No weather description,Not Wet;;
248,1974,Canadian Grand Prix,603,Cold with temperatures approaching 13.3Â Â°C (55.9Â Â°F); wind speeds up to 15 kilometres per hour (9.3Â mph)[1],Not Wet;
249,1974,French Grand Prix,598,No weather description,Not Wet;;
"250,1975,British Grand Prix,585,""Sunny, then overcast, then heavy rain"",Wet";;
251,1975,United States Grand Prix,589,Partly sunny with temperatures reaching a maximum of 20.6Â Â°C (69.1Â Â°F);Winds gusting up to 31.48Â km/h (19.56Â mph)[1],Not Wet;
252,1975,Italian Grand Prix,588,Dry and sunny,Not Wet;;
253,1975,Austrian Grand Prix,587,Heavy rain,Wet;;
254,1975,German Grand Prix,586,Dry and sunny,Not Wet;;
"255,1975,Dutch Grand Prix,583,""Wet, drying later"",Wet";;
256,1975,Swedish Grand Prix,582,Dry,Not Wet;;
257,1975,French Grand Prix,584,Dry and sunny,Not Wet;;
258,1975,Belgian Grand Prix,581,Dry and sunny,Not Wet;;
"259,1975,Monaco Grand Prix,580,""Rain, later drying"",Wet";;
260,1975,Spanish Grand Prix,579,Sunny,Not Wet;;
261,1975,South African Grand Prix,578,Sunny,Not Wet;;
"262,1975,Brazilian Grand Prix,577,""Sunny, hot and dry"",Not Wet";;
263,1975,Argentine Grand Prix,576,Hot and sunny,Not Wet;;
"264,1976,Japanese Grand Prix,575,""Very wet and misty, eventually drying"",Wet";;
265,1976,United States Grand Prix,574,Sunny with temperatures reaching up to 16Â Â°C (61Â Â°F);Winds gusting up to 44.45Â km/h (27.62Â mph)[2],Not Wet;
266,1976,Canadian Grand Prix,573,Mild with temperatures approaching 22Â Â°C (72Â Â°F); wind speeds up to 8.9 kilometres per hour (5.5Â mph)[2],Not Wet;
267,1976,Italian Grand Prix,572,No weather description,Not Wet;;
"268,1976,Dutch Grand Prix,571,""Warm, dry"",Not Wet";;
269,1976,Austrian Grand Prix,570,No weather description,Not Wet;;
"270,1976,German Grand Prix,569,""Rain at start, later drying"",Wet";;
271,1976,British Grand Prix,568,Dry,Not Wet;;
272,1976,French Grand Prix,567,No weather description,Not Wet;;
273,1976,Swedish Grand Prix,566,Dry,Not Wet;;
274,1976,Monaco Grand Prix,565,Dry,Not Wet;;
275,1976,Belgian Grand Prix,564,No weather description,Not Wet;;
276,1976,Brazilian Grand Prix,560,Sunny,Not Wet;;
277,1976,United States Grand Prix West,562,Hot and sunny with temperatures reaching up to 70Â Â°F (21Â Â°C); wind speeds approaching speeds up to 15 miles per hour (24Â km/h)[2],Not Wet;
278,1976,South African Grand Prix,561,Sunny,Not Wet;;
279,1976,Spanish Grand Prix,563,No weather description,Not Wet;;
280,1977,Monaco Grand Prix,548,Dry,Not Wet;;
281,1977,Argentine Grand Prix,543,Dry,Not Wet;;
282,1977,Brazilian Grand Prix,544,Dry,Not Wet;;
283,1977,South African Grand Prix,545,Sunny,Not Wet;;
284,1977,United States Grand Prix West,546,Temperatures of 68Â Â°F (20Â Â°C); winds of 10.9 miles per hour (17.5Â km/h)[1],Not Wet;
285,1977,Spanish Grand Prix,547,No weather description,Not Wet;;
286,1977,Belgian Grand Prix,549,Wet,Wet;;
287,1977,Swedish Grand Prix,550,Dry,Not Wet;;
288,1977,French Grand Prix,551,Dry,Not Wet;;
289,1977,German Grand Prix,553,Dry,Not Wet;;
"290,1977,Austrian Grand Prix,554,""Wet, then drying"",Wet";;
291,1977,Dutch Grand Prix,555,Dry,Not Wet;;
292,1977,Italian Grand Prix,556,Dry,Not Wet;;
293,1977,United States Grand Prix,557,Rain with temperatures reaching up to 17Â Â°C (63Â Â°F);Winds gusting up to 23.69Â km/h (14.72Â mph)[1],Wet;
294,1977,Canadian Grand Prix,558,Cold with temperatures approaching 12Â Â°C (54Â Â°F); wind speeds up to 12.8 kilometres per hour (8.0Â mph)[1],Not Wet;
295,1977,Japanese Grand Prix,559,Dry,Not Wet;;
296,1977,British Grand Prix,552,Sunny,Not Wet;;
297,1978,United States Grand Prix West,530,Scattered clouds 17Â Â°C (63Â Â°F)[1],Not Wet;;
298,1978,Monaco Grand Prix,531,Dry,Not Wet;;
299,1978,South African Grand Prix,529,Dry,Not Wet;;
300,1978,Canadian Grand Prix,542,Mostly cloudy5Â Â°C (41Â Â°F)[1],Not Wet;;
301,1978,Argentine Grand Prix,527,Dry,Not Wet;;
302,1978,Belgian Grand Prix,532,Dry,Not Wet;;
"303,1978,Brazilian Grand Prix,528,""Very hot and humid, 100.4Â°F (38Â°C)[1]"",Not Wet";;
304,1978,Spanish Grand Prix,533,Dry,Not Wet;;
305,1978,Italian Grand Prix,540,Sunny,Not Wet;;
306,1978,French Grand Prix,535,Dry,Not Wet;;
307,1978,British Grand Prix,536,Dry,Not Wet;;
308,1978,German Grand Prix,537,Dry,Not Wet;;
309,1978,Austrian Grand Prix,538,Wet,Wet;;
310,1978,Dutch Grand Prix,539,Dry,Not Wet;;
"311,1978,United States Grand Prix,541,""Cloudy, dry"",Not Wet";;
312,1978,Swedish Grand Prix,534,Sunny and warm,Not Wet;;
313,1979,Monaco Grand Prix,518,Dry,Not Wet;;
314,1979,Argentine Grand Prix,512,Dry,Not Wet;;
315,1979,Brazilian Grand Prix,513,Dry,Not Wet;;
316,1979,South African Grand Prix,514,Wet,Wet;;
317,1979,United States Grand Prix West,515,Sunny and warm with temperatures reaching up to 66Â Â°F (19Â Â°C); winds gusting up to 8 miles per hour (13Â km/h)[1],Not Wet;
318,1979,Spanish Grand Prix,516,Dry,Not Wet;;
319,1979,French Grand Prix,519,Dry,Not Wet;;
320,1979,Belgian Grand Prix,517,Dry,Not Wet;;
321,1979,German Grand Prix,521,Dry,Not Wet;;
322,1979,British Grand Prix,520,Dry,Not Wet;;
323,1979,Austrian Grand Prix,522,Dry,Not Wet;;
324,1979,Dutch Grand Prix,523,Dry,Not Wet;;
325,1979,Italian Grand Prix,524,Dry and sunny,Not Wet;;
"326,1979,Canadian Grand Prix,525,""Partially cloudy, mild and dry with temperatures reaching up to 21Â Â°C (70Â Â°F)";" wind speeds up to 18.3 kilometres per hour (11.4Â mph)[1]"",Not Wet";
327,1979,United States Grand Prix,526,Rain with temperatures reaching a maximum of 15Â Â°C (59Â Â°F);Wind speeds up to 27.78Â km/h (17.26Â mph)[1],Wet;
"328,1980,Argentine Grand Prix,498,""Sunny, Very hot, Dry"",Not Wet";;
329,1980,Brazilian Grand Prix,499,Dry,Not Wet;;
330,1980,South African Grand Prix,500,Dry,Not Wet;;
331,1980,United States Grand Prix West,501,Sunny and warm with temperatures reaching up to 81Â Â°F (27Â Â°C); wind speeds up to 10.9 miles per hour (17.5Â km/h)[1],Not Wet;
332,1980,Belgian Grand Prix,502,Dry,Not Wet;;
"333,1980,Monaco Grand Prix,503,""Dry at the start, damp in the end"",Not Wet";;
334,1980,French Grand Prix,504,Dry,Not Wet;;
335,1980,British Grand Prix,505,No weather description,Not Wet;;
"336,1980,German Grand Prix,506,""Overcast, Dry"",Not Wet";;
"337,1980,Austrian Grand Prix,507,""Mild, Dry"",Not Wet";;
"338,1980,Dutch Grand Prix,508,""Sunny, Mild, Dry"",Not Wet";;
"339,1980,Italian Grand Prix,509,""Sunny, Mild, Dry"",Not Wet";;
340,1980,Canadian Grand Prix,510,Cold and dry with temperatures reaching up to 11Â Â°C (52Â Â°F); wind speeds up to 15.9 kilometres per hour (9.9Â mph)[1],Not Wet;
341,1980,United States Grand Prix,511,Cloudy and dry with temperatures reaching up to 12Â Â°C (54Â Â°F);Wind speeds up to 14.82Â km/h (9.21Â mph)[1],Not Wet;
342,1981,United States Grand Prix West,483,Sunny and warm with temperatures reaching up to 71.1Â Â°F (21.7Â Â°C); wind speeds approaching 10.9 miles per hour (17.5Â km/h)[1],Not Wet;
"343,1981,Brazilian Grand Prix,484,""Overcast, Fresh, Rain"",Wet";;
"344,1981,Argentine Grand Prix,485,""Sunny, dry"",Not Wet";;
"345,1981,San Marino Grand Prix,486,""Rain, cold"",Wet";;
"346,1981,Belgian Grand Prix,487,""Dry, then wet at the end"",Wet";;
347,1981,Monaco Grand Prix,488,Dry,Not Wet;;
"348,1981,Spanish Grand Prix,489,""Sunny, hot"",Not Wet";;
349,1981,Caesars Palace Grand Prix,497,Sunny with temperatures reaching up to 75Â Â°F (24Â Â°C); wind speeds approaching speeds up to 11.1 miles per hour (17.9Â km/h)[1],Not Wet;
350,1981,British Grand Prix,491,Dry,Not Wet;;
351,1981,German Grand Prix,492,Wet / Dry,Wet;;
"352,1981,Austrian Grand Prix,493,""Mild, Dry"",Not Wet";;
"353,1981,Dutch Grand Prix,494,""Sunny, dry"",Not Wet";;
354,1981,Italian Grand Prix,495,Dry and sunny,Not Wet;;
355,1981,Canadian Grand Prix,496,Wet and cold with temperatures up to 20Â Â°C (68Â Â°F); wind speeds up to 15 kilometres per hour (9.3Â mph)[1],Wet;
"356,1981,French Grand Prix,490,""Dry, then wet at half distance, then dry again"",Wet";;
357,1982,Detroit Grand Prix,473,Sunny and warm with temperatures reaching up to 72Â Â°F (22Â Â°C); wind speeds up to 16.1 miles per hour (25.9Â km/h)[1],Not Wet;
358,1982,South African Grand Prix,467,Dry,Not Wet;;
359,1982,Brazilian Grand Prix,468,Dry,Not Wet;;
360,1982,United States Grand Prix West,469,Clear and warm with temperatures reaching up to 63.9Â Â°F (17.7Â Â°C); wind speeds approaching speeds up to 11.8 miles per hour (19.0Â km/h)[1],Not Wet;
361,1982,San Marino Grand Prix,470,No weather description,Not Wet;;
362,1982,Belgian Grand Prix,471,Cold with air temperatures reaching up to 13Â Â°C (55Â Â°F)[1],Not Wet;;
"363,1982,Monaco Grand Prix,472,""Dry, then Wet"",Wet";;
364,1982,Canadian Grand Prix,474,Overcast and chilly17Â Â°C (63Â Â°F)[1],Not Wet;;
365,1982,Caesars Palace Grand Prix,482,Sunny with temperatures reaching up to 98.8Â Â°F (37.1Â Â°C); wind speeds approaching 18.1 miles per hour (29.1Â km/h)[1],Not Wet;
366,1982,British Grand Prix,476,No weather description,Not Wet;;
367,1982,French Grand Prix,477,Dry,Not Wet;;
368,1982,German Grand Prix,478,Dry,Not Wet;;
"369,1982,Austrian Grand Prix,479,""Sunny, hot"",Not Wet";;
370,1982,Swiss Grand Prix,480,Dry,Not Wet;;
371,1982,Italian Grand Prix,481,Dry,Not Wet;;
372,1982,Dutch Grand Prix,475,Cloudy,Not Wet;;
373,1983,Brazilian Grand Prix,452,Dry,Not Wet;;
374,1983,United States Grand Prix West,453,Sunny and warm with temperatures reaching up to 65.8Â Â°F (18.8Â Â°C); wind speeds approaching speeds up to 9.9 miles per hour (15.9Â km/h)[1],Not Wet;
"375,1983,French Grand Prix,454,""Dry, grey and cool[1]"",Not Wet";;
376,1983,San Marino Grand Prix,455,No weather description,Not Wet;;
377,1983,Monaco Grand Prix,456,Wet track at the start,Wet;;
378,1983,Belgian Grand Prix,457,No weather description,Not Wet;;
379,1983,Detroit Grand Prix,458,Sunny and warm with temperatures reaching up to 76.8Â Â°F (24.9Â Â°C); wind speeds up to 11.3 miles per hour (18.2Â km/h)[1],Not Wet;
380,1983,Canadian Grand Prix,459,Warm with temperatures approaching 30Â Â°C (86Â Â°F); wind speeds up to 15 kilometres per hour (9.3Â mph)[1],Not Wet;
381,1983,British Grand Prix,460,No weather description,Not Wet;;
382,1983,German Grand Prix,461,Dry,Not Wet;;
383,1983,Austrian Grand Prix,462,Dry,Not Wet;;
384,1983,Dutch Grand Prix,463,Cloudy,Not Wet;;
385,1983,Italian Grand Prix,464,Dry,Not Wet;;
386,1983,European Grand Prix,465,Dry,Not Wet;;
387,1983,South African Grand Prix,466,Dry,Not Wet;;
388,1984,Belgian Grand Prix,438,No weather description,Not Wet;;
389,1984,South African Grand Prix,437,Dry,Not Wet;;
390,1984,French Grand Prix,440,Dry,Not Wet;;
391,1984,Monaco Grand Prix,441,Heavy rain and spray,Wet;;
392,1984,Canadian Grand Prix,442,Dry with temperatures approaching 26Â Â°C (79Â Â°F); wind speeds up to 12.9 kilometres per hour (8.0Â mph)[1],Not Wet;
393,1984,Detroit Grand Prix,443,Sunny and warm with temperatures reaching up to 77.9Â Â°F (25.5Â Â°C); wind speeds up to 11.3 miles per hour (18.2Â km/h)[1],Not Wet;
394,1984,Dallas Grand Prix,444,Sunny with temperatures reaching up to 100Â Â°F (38Â Â°C); wind speeds of 14 miles per hour (23Â km/h)[1],Not Wet;
395,1984,San Marino Grand Prix,439,No weather description,Not Wet;;
396,1984,German Grand Prix,446,Dry,Not Wet;;
397,1984,British Grand Prix,445,No weather description,Not Wet;;
398,1984,Portuguese Grand Prix,451,Dry,Not Wet;;
399,1984,European Grand Prix,450,Sunny,Not Wet;;
400,1984,Brazilian Grand Prix,436,Dry,Not Wet;;
401,1984,Dutch Grand Prix,448,Sunny,Not Wet;;
402,1984,Austrian Grand Prix,447,Dry,Not Wet;;
403,1984,Italian Grand Prix,449,Dry,Not Wet;;
"404,1985,Portuguese Grand Prix,421,""Overcast, Cold, Rain"",Wet";;
405,1985,San Marino Grand Prix,422,No weather description,Not Wet;;
406,1985,Monaco Grand Prix,423,Dry,Not Wet;;
407,1985,Canadian Grand Prix,424,Sunny with temperatures approaching 20.5Â Â°C (68.9Â Â°F); wind speeds up to 12.9 kilometres per hour (8.0Â mph)[1],Not Wet;
408,1985,Detroit Grand Prix,425,Clear and cool with temperatures reaching up to 80.1Â Â°F (26.7Â Â°C); wind speeds up to 23 miles per hour (37Â km/h)[1],Not Wet;
"409,1985,French Grand Prix,426,""Dry, hot[2]"",Not Wet";;
"410,1985,British Grand Prix,427,""Cool, overcast"",Not Wet";;
411,1985,Austrian Grand Prix,429,Dry,Not Wet;;
412,1985,Dutch Grand Prix,430,Sunny,Not Wet;;
413,1985,Italian Grand Prix,431,Dry,Not Wet;;
"414,1985,Belgian Grand Prix,432,""Wet/Dry, drying up in later stages"",Wet";;
415,1985,European Grand Prix,433,No weather description,Not Wet;;
"416,1985,South African Grand Prix,434,""Sunny, hot and dry"",Not Wet";;
417,1985,Australian Grand Prix,435,Sunny,Not Wet;;
418,1985,German Grand Prix,428,Dry,Not Wet;;
"419,1985,Brazilian Grand Prix,420,""Dry, 34Â Â°C (93Â Â°F) air temperature"",Not Wet";;
420,1986,Australian Grand Prix,419,Sunny,Not Wet;;
421,1986,Portuguese Grand Prix,417,Dry,Not Wet;;
422,1986,Austrian Grand Prix,415,Dry,Not Wet;;
423,1986,Hungarian Grand Prix,414,No weather description,Not Wet;;
424,1986,German Grand Prix,413,Dry,Not Wet;;
425,1986,British Grand Prix,412,Sunny,Not Wet;;
426,1986,French Grand Prix,411,Dry,Not Wet;;
427,1986,Detroit Grand Prix,410,Cloudy and hot with temperatures reaching up to 91Â Â°F (33Â Â°C); wind speeds up to 23 miles per hour (37Â km/h)[1],Not Wet;
428,1986,Canadian Grand Prix,409,Dry with temperatures approaching 25Â Â°C (77Â Â°F); wind speeds up to 20.5Â km/h (12.7Â mph)[1],Not Wet;
429,1986,Belgian Grand Prix,408,Dry,Not Wet;;
"430,1986,Monaco Grand Prix,407,""Sunny, mild, dry"",Not Wet";;
"431,1986,San Marino Grand Prix,406,""Overcast, warm"",Not Wet";;
"432,1986,Spanish Grand Prix,405,""Warm, dry and sunny"",Not Wet";;
"433,1986,Brazilian Grand Prix,404,""Hot, dry and sunny"",Not Wet";;
434,1986,Mexican Grand Prix,418,Sunny and hot,Not Wet;;
435,1986,Italian Grand Prix,416,Dry,Not Wet;;
436,1987,Japanese Grand Prix,402,Dry,Not Wet;;
437,1987,Australian Grand Prix,403,Sunny,Not Wet;;
438,1987,Brazilian Grand Prix,388,Sunny,Not Wet;;
"439,1987,San Marino Grand Prix,389,""Sunny, warm"",Not Wet";;
440,1987,Belgian Grand Prix,390,Cloudy and cool,Not Wet;;
441,1987,Detroit Grand Prix,392,Clear with rain showers later on; temperatures reaching up to 78.1Â Â°F (25.6Â Â°C); wind speeds up to 19.6 miles per hour (31.5Â km/h)[1],Wet
442,1987,French Grand Prix,393,Sunny and hot,Not Wet;;
443,1987,British Grand Prix,394,Sunny and warm,Not Wet;;
444,1987,Monaco Grand Prix,391,Sunny and warm,Not Wet;;
445,1987,Hungarian Grand Prix,396,Dry,Not Wet;;
446,1987,Austrian Grand Prix,397,Dry,Not Wet;;
447,1987,Italian Grand Prix,398,Dry,Not Wet;;
448,1987,Portuguese Grand Prix,399,Dry,Not Wet;;
449,1987,Spanish Grand Prix,400,Sunny and hot,Not Wet;;
450,1987,Mexican Grand Prix,401,Sunny and hot,Not Wet;;
451,1987,German Grand Prix,395,No weather description,Not Wet;;
452,1988,French Grand Prix,378,Sunny and hot,Not Wet;;
453,1988,Brazilian Grand Prix,372,Cloudy and hot,Not Wet;;
"454,1988,San Marino Grand Prix,373,""Sunny, warm"",Not Wet";;
455,1988,Monaco Grand Prix,374,Warm and dry,Not Wet;;
456,1988,Mexican Grand Prix,375,Sunny and hot,Not Wet;;
457,1988,Canadian Grand Prix,376,Sunny and hot with temperatures up to 29Â Â°C (84Â Â°F); wind speeds up to 19 kilometres per hour (12Â mph)[1],Not Wet;
458,1988,Detroit Grand Prix,377,Warm and sunny with temperatures up to 91.9Â Â°F (33.3Â Â°C); wind speeds up to 11.1 miles per hour (17.9Â km/h)[1],Not Wet;
459,1988,British Grand Prix,379,Wet and cool,Wet;;
460,1988,Italian Grand Prix,383,Sunny and hot,Not Wet;;
461,1988,Hungarian Grand Prix,381,Sunny and hot,Not Wet;;
"462,1988,Belgian Grand Prix,382,""Warm, dry and overcast"",Not Wet";;
463,1988,Portuguese Grand Prix,384,Sunny and hot,Not Wet;;
464,1988,Spanish Grand Prix,385,Sunny and hot,Not Wet;;
"465,1988,Japanese Grand Prix,386,""Cool and mainly dry, some rain toward the end"",Wet";;
466,1988,Australian Grand Prix,387,Cloudy and hot,Not Wet;;
467,1988,German Grand Prix,380,Wet and cool,Wet;;
"468,1989,French Grand Prix,362,""Hot, dry, sunny"",Not Wet";;
"469,1989,Brazilian Grand Prix,356,""Very hot, dry, sunny"",Not Wet";;
"470,1989,San Marino Grand Prix,357,""Warm, dry, sunny"",Not Wet";;
"471,1989,Monaco Grand Prix,358,""Warm, dry, sunny"",Not Wet";;
"472,1989,Mexican Grand Prix,359,""Hot, dry, partly sunny 25Â°C/79Â°F, 40% Humidity, wind NW-10mph"",Not Wet";;
"473,1989,United States Grand Prix,360,""Hot, sunny";" temperature up to maximum of 38.3Â Â°C (100.9Â Â°F)[1]"",Not Wet";
474,1989,Canadian Grand Prix,361,Cool and rainy with temperatures approaching 24Â Â°C (75Â Â°F); wind speeds up to 17.9 kilometres per hour (11.1Â mph)[1],Wet;
"475,1989,British Grand Prix,363,""Warm, dry, sunny"",Not Wet";;
476,1989,Hungarian Grand Prix,365,Cloudy,Not Wet;;
"477,1989,Belgian Grand Prix,366,""Wet, cloudy, cool"",Wet";;
"478,1989,Italian Grand Prix,367,""Hot, dry, sunny"",Not Wet";;
"479,1989,Portuguese Grand Prix,368,""Hot, dry, sunny"",Not Wet";;
"480,1989,Spanish Grand Prix,369,""Dry, hot, sunny"",Not Wet";;
"481,1989,Japanese Grand Prix,370,""Dry, warm, cloudy"",Not Wet";;
"482,1989,Australian Grand Prix,371,""Wet, cool"",Wet";;
"483,1989,German Grand Prix,364,""Warm, cloudy"",Not Wet";;
"484,1990,German Grand Prix,329,""Hot, dry, sunny"",Not Wet";;
485,1990,Canadian Grand Prix,325,Warm and cloudy with temperatures approaching 19.8Â Â°C (67.6Â Â°F); wind speeds up to 27.8 kilometres per hour (17.3Â mph)[1],Not Wet;
486,1990,Mexican Grand Prix,326,Overcast21Â Â°C (70Â Â°F)[1],Not Wet;;
"487,1990,French Grand Prix,327,""Hot, dry, sunny"",Not Wet";;
488,1990,Australian Grand Prix,336,Sunny,Not Wet;;
"489,1990,Italian Grand Prix,332,""Hot, dry, sunny"",Not Wet";;
"490,1990,Spanish Grand Prix,334,""Dry, hot, sunny"",Not Wet";;
491,1990,Portuguese Grand Prix,333,No weather description,Not Wet;;
"492,1990,Monaco Grand Prix,324,""Warm, dry, sunny"",Not Wet";;
493,1990,Belgian Grand Prix,331,Dry,Not Wet;;
494,1990,Hungarian Grand Prix,330,Dry,Not Wet;;
495,1990,Japanese Grand Prix,335,Sunny,Not Wet;;
"496,1990,San Marino Grand Prix,323,""Warm, dry, sunny"",Not Wet";;
"497,1990,British Grand Prix,328,""Hot, dry, sunny"",Not Wet";;
498,1990,United States Grand Prix,321,Cloudy and cool with temperatures reaching up to 18Â Â°C (64Â Â°F)[1],Not Wet;;
"499,1990,Brazilian Grand Prix,322,""Hot, dry, sunny"",Not Wet";;
500,1991,Australian Grand Prix,320,Torrential rain,Wet;;
"501,1991,Spanish Grand Prix,318,""Warm and overcast, drying"",Not Wet";;
502,1991,Portuguese Grand Prix,317,Sunny and warm,Not Wet;;
503,1991,Italian Grand Prix,316,Sunny and warm,Not Wet;;
504,1991,Belgian Grand Prix,315,Sunny and hot,Not Wet;;
"505,1991,Hungarian Grand Prix,314,""Hot dry, sunny"",Not Wet";;
506,1991,German Grand Prix,313,Hot and sunny,Not Wet;;
"507,1991,British Grand Prix,312,""Hot, dry, sunny"",Not Wet";;
508,1991,French Grand Prix,311,No weather description,Not Wet;;
509,1991,Mexican Grand Prix,310,Mostly Cloudy24Â Â°C (75Â Â°F)[1],Not Wet;;
510,1991,Canadian Grand Prix,309,Mild with temperatures approaching 25Â Â°C (77Â Â°F);Wind speeds up to 12Â km/h (7.5Â mph)[1],Not Wet;
"511,1991,Japanese Grand Prix,319,""Sunny, warm"",Not Wet";;
"512,1991,San Marino Grand Prix,307,""Wet at start, dry by finish"",Wet";;
513,1991,United States Grand Prix,305,Overcast25Â Â°C (77Â Â°F)[1],Not Wet;;
"514,1991,Monaco Grand Prix,308,""Cloudy, mild, dry"",Not Wet";;
"515,1991,Brazilian Grand Prix,306,""Cloudy at start, rainy later. Ambient temperature: 29.4Â°C (85Â°F).Humidity: 95%.Wind speed: 33.7 km/h (21 mph)."",Wet";;
"516,1992,Spanish Grand Prix,292,""Dry at start, wet later"",Wet";;
517,1992,San Marino Grand Prix,293,Sunny,Not Wet;;
518,1992,Monaco Grand Prix,294,Dry,Not Wet;;
519,1992,Canadian Grand Prix,295,Dry with temperatures reaching up to 25Â Â°C (77Â Â°F);Wind speeds up to 14Â km/h (8.7Â mph)[1],Not Wet;
"520,1992,French Grand Prix,296,""Dry, then raining"",Wet";;
521,1992,British Grand Prix,297,Dry,Not Wet;;
522,1992,German Grand Prix,298,Dry,Not Wet;;
523,1992,Mexican Grand Prix,290,Scattered clouds27Â Â°C (81Â Â°F)[1],Not Wet;;
524,1992,Hungarian Grand Prix,299,Dry,Not Wet;;
"525,1992,South African Grand Prix,289,""Hot, dry and dull"",Not Wet";;
"526,1992,Belgian Grand Prix,300,""Overcast, brief rain mid-race"",Wet";;
527,1992,Italian Grand Prix,301,Sunny and warm,Not Wet;;
"528,1992,Portuguese Grand Prix,302,""Dry, sunny, windy"",Not Wet";;
"529,1992,Japanese Grand Prix,303,""Dry, warm, cloudy"",Not Wet";;
530,1992,Australian Grand Prix,304,Cloudy,Not Wet;;
531,1992,Brazilian Grand Prix,291,Dry,Not Wet;;
532,1993,French Grand Prix,280,No weather description,Not Wet;;
533,1993,British Grand Prix,281,Dry,Not Wet;;
"534,1993,Monaco Grand Prix,278,""Partly cloudy, mild, dry"",Not Wet";;
535,1993,German Grand Prix,282,Dry,Not Wet;;
536,1993,Hungarian Grand Prix,283,No weather description,Not Wet;;
537,1993,Belgian Grand Prix,284,Sunny and clear,Not Wet;;
538,1993,Canadian Grand Prix,279,Temperatures reaching up to 29.0Â Â°C (84.2Â Â°F);Wind speeds up to 18.3Â km/h (11.4Â mph)[1],Not Wet;
"539,1993,Portuguese Grand Prix,286,""Dry, sunny, windy"",Not Wet";;
540,1993,Italian Grand Prix,285,Hot and sunny,Not Wet;;
"541,1993,South African Grand Prix,273,""Very hot and humid, with torrential thunderstorms. Air temp: 33Â Â°C (91Â Â°F)"",Wet";;
542,1993,Brazilian Grand Prix,274,Dry first then torrential rain for a short period; later drying and staying dry for the rest of the race,Wet;
"543,1993,European Grand Prix,275,""Very cold, rain with dry spells"",Wet";;
"544,1993,San Marino Grand Prix,276,""Wet at start, dry later"",Wet";;
545,1993,Spanish Grand Prix,277,Sunny,Not Wet;;
546,1993,Australian Grand Prix,288,Sunny,Not Wet;;
"547,1993,Japanese Grand Prix,287,""Dry/wet, warm, cloudy"",Wet";;
548,1994,San Marino Grand Prix,259,Sunny,Not Wet;;
549,1994,Pacific Grand Prix,258,Sunny,Not Wet;;
550,1994,Brazilian Grand Prix,257,Sunny,Not Wet;;
551,1994,Monaco Grand Prix,260,Sunny,Not Wet;;
"552,1994,Japanese Grand Prix,271,""Heavy rain, followed by light showers"",Wet";;
553,1994,Australian Grand Prix,272,Sunny with clouds,Not Wet;;
554,1994,Spanish Grand Prix,261,Sunny,Not Wet;;
555,1994,French Grand Prix,263,Sunny,Not Wet;;
556,1994,British Grand Prix,264,Sunny,Not Wet;;
557,1994,German Grand Prix,265,Sunny,Not Wet;;
558,1994,Canadian Grand Prix,262,Temperatures approaching 26.3Â Â°C (79.3Â Â°F);Wind speeds up to 21Â km/h (13Â mph)[1],Not Wet;
559,1994,Belgian Grand Prix,267,Sunny,Not Wet;;
560,1994,Italian Grand Prix,268,Sunny,Not Wet;;
561,1994,Portuguese Grand Prix,269,Sunny,Not Wet;;
562,1994,European Grand Prix,270,Sunny,Not Wet;;
563,1994,Hungarian Grand Prix,266,Sunny,Not Wet;;
564,1995,Brazilian Grand Prix,240,Overcast,Not Wet;;
565,1995,Argentine Grand Prix,241,Cloudy,Not Wet;;
"566,1995,San Marino Grand Prix,242,""Heavy rain before the start, before brightening up"",Wet";;
567,1995,Spanish Grand Prix,243,Sunny,Not Wet;;
"568,1995,Monaco Grand Prix,244,""Warm, sunny"",Not Wet";;
"569,1995,Canadian Grand Prix,245,""Cloudy at start, sunny later with temperatures reaching up to 24.3Â Â°C (75.7Â Â°F)Wind speeds up to 8Â km/h (5.0Â mph)[1]"",Not Wet";;
"570,1995,French Grand Prix,246,""Cloudy, light drizzle at times"",Wet";;
571,1995,Hungarian Grand Prix,249,Sunny,Not Wet;;
"572,1995,German Grand Prix,248,""Sunny, 28Â Â°C (82Â Â°F)"",Not Wet";;
"573,1995,Belgian Grand Prix,250,""Cloudy, then heavy rain"",Wet";;
574,1995,Italian Grand Prix,251,Sunny,Not Wet;;
575,1995,Portuguese Grand Prix,252,Sunny,Not Wet;;
"576,1995,European Grand Prix,253,""Rain, later dried out, air temperature 11Â Â°C (52Â Â°F)"",Wet";;
"577,1995,Pacific Grand Prix,254,""Cloudy, dry"",Not Wet";;
"578,1995,Japanese Grand Prix,255,""Rain, later dried out"",Wet";;
579,1995,Australian Grand Prix,256,Sunny[2],Not Wet;;
"580,1995,British Grand Prix,247,""Warm, cloudy, windy"",Not Wet";;
581,1996,Australian Grand Prix,224,Dry with temperatures reaching up to 23Â Â°C (73Â Â°F)[1],Not Wet;;
"582,1996,Brazilian Grand Prix,225,""Thunderstorm, then drying with temperatures reaching up to 24Â Â°C (75Â Â°F)[1]"",Wet";;
583,1996,Argentine Grand Prix,226,Dry with temperatures reaching up to 21Â Â°C (70Â Â°F)[1],Not Wet;;
"584,1996,European Grand Prix,227,""Cloudy, but dry"",Not Wet";;
585,1996,San Marino Grand Prix,228,Sunny,Not Wet;;
"586,1996,Monaco Grand Prix,229,""Overcast, mild, wet at first, drying later, light rain at finish"",Wet";;
587,1996,Spanish Grand Prix,230,Rain,Wet;;
588,1996,French Grand Prix,232,Dry,Not Wet;;
589,1996,British Grand Prix,233,Warm and sunny with temperatures reaching up to 25Â Â°C (77Â Â°F)[1],Not Wet;;
"590,1996,German Grand Prix,234,""Sunny, dry"",Not Wet";;
591,1996,Hungarian Grand Prix,235,Sunny with temperatures reaching up to 27Â Â°C (81Â Â°F)[2],Not Wet;;
592,1996,Belgian Grand Prix,236,Overcast and dry with temperatures reaching up to 17Â Â°C (63Â Â°F)[2],Not Wet;;
593,1996,Italian Grand Prix,237,Dry,Not Wet;;
594,1996,Portuguese Grand Prix,238,Mostly sunny with ambient temperatures reaching 25 Â°C during the day.,Not Wet;;
"595,1996,Japanese Grand Prix,239,""Sunny, mild and dry"",Not Wet";;
596,1996,Canadian Grand Prix,231,Mostly sunny and warm with temperatures approaching 26Â Â°C (79Â Â°F)[1],Not Wet;;
"597,1997,Australian Grand Prix,207,""Partly Cloudy, Dry"",Not Wet";;
598,1997,Brazilian Grand Prix,208,Overcast and dry with temperatures reaching up to 23Â Â°C (73Â Â°F)[1],Not Wet;;
"599,1997,Argentine Grand Prix,209,""Partially cloudy and dry, with temperatures reaching up to 21Â Â°C (70Â Â°F)[1]"",Not Wet";;
"600,1997,San Marino Grand Prix,210,""Cloudy, Dry, 17 Â°C"",Not Wet";;
"601,1997,Monaco Grand Prix,211,""Overcast, cold and rain, air temperature 11Â Â°C (52Â Â°F)"",Wet";;
602,1997,Spanish Grand Prix,212,Clear,Not Wet;;
603,1997,Canadian Grand Prix,213,Clear and mild with temperatures approaching 22.7Â Â°C (72.9Â Â°F)Wind speeds up to 4.1Â km/h (2.5Â mph)[1],Not Wet;;
"604,1997,French Grand Prix,214,""Dry at first, rain in closing stages"",Wet";;
"605,1997,German Grand Prix,216,""Sunny, dry track"",Not Wet";;
"606,1997,Hungarian Grand Prix,217,""Sunny, Dry Track, 27Â°C"",Not Wet";;
"607,1997,Belgian Grand Prix,218,""Wet, then drying out with temperatures reaching up to 28Â Â°C (82Â Â°F)[2]"",Wet";;
608,1997,Italian Grand Prix,219,Dry with temperatures reaching up to 29Â Â°C (84Â Â°F)[1],Not Wet;;
609,1997,Austrian Grand Prix,220,Sunny,Not Wet;;
"610,1997,Luxembourg Grand Prix,221,""Partially cloudy, mild and dry"",Not Wet";;
611,1997,Japanese Grand Prix,222,Sunny[3],Not Wet;;
612,1997,European Grand Prix,223,Sunny with temperatures reaching up to 25Â Â°C (77Â Â°F)[3],Not Wet;;
"613,1997,British Grand Prix,215,""Sunny, Dry Track"",Not Wet";;
"614,1998,Australian Grand Prix,191,""Clear with maximum temperatures reaching 24 degrees at the start, increasing to 30 degrees by the end of the race."",Not Wet";;
"615,1998,Brazilian Grand Prix,192,""Mostly cloudy, 31Â Â°C (88Â Â°F)"",Not Wet";;
616,1998,Argentine Grand Prix,193,Cloudy with variable levels of dryness; temperatures reaching up to 19Â Â°C (66Â Â°F)[2],Not Wet;
"617,1998,San Marino Grand Prix,194,""Sunny, 25Â Â°C"",Not Wet";;
618,1998,Spanish Grand Prix,195,Sunny and warm,Not Wet;;
619,1998,Monaco Grand Prix,196,Hot and sunny with temperatures reaching up to 22Â Â°C (72Â Â°F)[1],Not Wet;;
620,1998,Canadian Grand Prix,197,Cool and overcast with air temperatures reaching up to 16.0Â Â°C (60.8Â Â°F)Wind speeds up to 2.9Â km/h (1.8Â mph) reported[1],Not Wet;;
"621,1998,British Grand Prix,199,""Rain, Wet Track"",Wet";;
622,1998,Austrian Grand Prix,200,Sunny,Not Wet;;
623,1998,German Grand Prix,201,Cloudy but dry,Not Wet;;
"624,1998,Hungarian Grand Prix,202,""Cloudy, hot, dry";" 30Â Â°C (86Â Â°F)"",Not Wet";
625,1998,Belgian Grand Prix,203,Cold and wet with rain becoming heavier,Wet;;
626,1998,Italian Grand Prix,204,Sunny,Not Wet;;
"627,1998,Luxembourg Grand Prix,205,""Cloudy, cold, dry"",Not Wet";;
"628,1998,French Grand Prix,198,""Sunny, warm"",Not Wet";;
629,1998,Japanese Grand Prix,206,Fine,Not Wet;;
630,1999,Australian Grand Prix,175,Sunny and dry with temperatures reaching up to 19Â Â°C (66Â Â°F)[1],Not Wet;;
"631,1999,Brazilian Grand Prix,176,""Sunny, hot, dry 25Â Â°C (77Â Â°F)[1]"",Not Wet";;
"632,1999,San Marino Grand Prix,177,""Sunny, mild, dry, 23Â Â°C"",Not Wet";;
"633,1999,Monaco Grand Prix,178,""Sunny, hot, dry"",Not Wet";;
"634,1999,Spanish Grand Prix,179,""Cloudy, hot, dry 22Â Â°C (72Â Â°F)[2]"",Not Wet";;
635,1999,Canadian Grand Prix,180,Hot with temperatures approaching 31.0Â Â°C (87.8Â Â°F)Wind speeds up to 5.1Â km/h (3.2Â mph)[1]Track 41â€“43Â Â°C (106â€“109Â Â°F),Not Wet;;
"636,1999,French Grand Prix,181,""Overcast, mild, dry at first, rain later on"",Wet";;
"637,1999,Austrian Grand Prix,183,""Overcast, mild, dry"",Not Wet";;
"638,1999,German Grand Prix,184,""Partially cloudy, very hot, dry"",Not Wet";;
"639,1999,Hungarian Grand Prix,185,""Partially cloudy, hot, dry, Air: 25Â Â°C (77Â Â°F), Track 37Â Â°C (99Â Â°F)"",Not Wet";;
"640,1999,Belgian Grand Prix,186,""Partially cloudy, mild, dry"",Not Wet";;
641,1999,Italian Grand Prix,187,Hot and dry with temperatures reaching up to 30Â Â°C (86Â Â°F)[1],Not Wet;;
642,1999,European Grand Prix,188,Wet/Dry,Wet;;
"643,1999,Malaysian Grand Prix,189,""Cloudy, hot, dry"",Not Wet";;
"644,1999,Japanese Grand Prix,190,""Overcast, mild, dry"",Not Wet";;
"645,1999,British Grand Prix,182,""Sunny, mild, dry"",Not Wet";;
"646,2000,European Grand Prix,163,""Dry at first, rain later on, Air: 11Â Â°C (52Â Â°F), Track: 12Â Â°C (54Â Â°F)"",Wet";;
"647,2000,Australian Grand Prix,158,""Sunny,[3] Air Temp: 20Â Â°C"",Not Wet";;
"648,2000,Brazilian Grand Prix,159,""Sunny with some clouds, Air: 22Â Â°C (72Â Â°F), Track: 35Â Â°C (95Â Â°F)"",Not Wet";;
"649,2000,San Marino Grand Prix,160,""Overcast, mild, dry";" 16Â Â°C (61Â Â°F)"",Not Wet";
"650,2000,British Grand Prix,161,""Sunny, mild, dry, Air Temp: 10Â Â°C (50Â Â°F)"",Not Wet";;
"651,2000,Spanish Grand Prix,162,""Sunny, Mild, Dry"",Not Wet";;
652,2000,Monaco Grand Prix,164,Sunny,Not Wet;;
653,2000,Japanese Grand Prix,173,Dry/wet,Wet;;
"654,2000,French Grand Prix,166,""Sunny, dry, Air Temp: 27Â°C"",Not Wet";;
"655,2000,Austrian Grand Prix,167,""Partially cloudy, dry"",Not Wet";;
656,2000,German Grand Prix,168,Dry/Wet,Wet;;
"657,2000,Hungarian Grand Prix,169,""Partially cloudy, very hot, dry"",Not Wet";;
"658,2000,Belgian Grand Prix,170,""Wet at start, drying, Air & track temperature";" 15Â Â°C (59Â Â°F)"",Wet";
659,2000,Italian Grand Prix,171,Sunny with temperatures reaching up to 29Â Â°C (84Â Â°F)[4],Not Wet;;
"660,2000,United States Grand Prix,172,""Cloudy, drying, Air 12Â Â°C (54Â Â°F)";"Track 14Â Â°C (57Â Â°F)"",Not Wet";
"661,2000,Malaysian Grand Prix,174,""Overcast, Very hot, Dry"",Not Wet";;
"662,2000,Canadian Grand Prix,165,""Cloudy and raining";" Air 17Â Â°C (63Â Â°F),Track 21Â Â°C (70Â Â°F)"",Wet";
"663,2001,Monaco Grand Prix,147,""Warm and Sunny, Air Temp: 23Â Â°C (73Â Â°F), Track 36 to 39Â Â°C (97 to 102Â Â°F)"",Not Wet";;
"664,2001,Malaysian Grand Prix,142,""Rain and Thunderstorms at start, dry later";" Air Temp at start: 32Â Â°C (90Â Â°F)"",Wet";
"665,2001,Brazilian Grand Prix,143,""Dry first, rain and thunderstorms later"",Wet";;
"666,2001,San Marino Grand Prix,144,""Sunny. Air Temp: 14Â Â°C (57Â Â°F), Track 26Â Â°C (79Â Â°F)"",Not Wet";;
"667,2001,Spanish Grand Prix,145,""Overcast, Mild, Dry, Air Temp: 18Â°C"",Not Wet";;
"668,2001,Austrian Grand Prix,146,""Sunny, Air: 18 to 19Â Â°C (64 to 66Â Â°F), Track 18 to 32Â Â°C (64 to 90Â Â°F)"",Not Wet";;
669,2001,Canadian Grand Prix,148,Sunny,Not Wet;;
"670,2001,Australian Grand Prix,141,""Cloudy, sunny later"",Not Wet";;
671,2001,French Grand Prix,150,Sunny,Not Wet;;
"672,2001,British Grand Prix,151,""Partially cloudy, mild, dry, Air Temp: 16Â Â°C (61Â Â°F), Track 27Â Â°C (81Â Â°F)"",Not Wet";;
"673,2001,German Grand Prix,152,""Partially cloudy, very hot, dry"",Not Wet";;
"674,2001,Hungarian Grand Prix,153,""Hot, dry and partially cloudy"",Not Wet";;
"675,2001,Belgian Grand Prix,154,""Overcast, mild, dry, Air Temp: 12 to 16Â Â°C (54 to 61Â Â°F)"",Not Wet";;
"676,2001,Italian Grand Prix,155,""Sunny, partly cloudy, Air: 19 to 20Â Â°C (66 to 68Â Â°F), Track 26Â Â°C (79Â Â°F)"",Not Wet";;
"677,2001,United States Grand Prix,156,""Sunny, cool, Air: 19â€“22Â Â°C (66â€“72Â Â°F)";"Track 27â€“28Â Â°C (81â€“82Â Â°F)"",Not Wet";
"678,2001,European Grand Prix,149,""Sunny, mild, dry, Air Temp: 21Â°C"",Not Wet";;
"679,2001,Japanese Grand Prix,157,""Cloudy, mild, dry, air temp: 24Â°C"",Not Wet";;
"680,2002,Australian Grand Prix,124,""Cloudy at start, clearing to sunny skies."",Not Wet";;
"681,2002,Malaysian Grand Prix,125,""Partially cloudy, hot, and dry"",Not Wet";;
"682,2002,Brazilian Grand Prix,126,""Clear, Air Temp: 30Â°C"",Not Wet";;
"683,2002,San Marino Grand Prix,127,""Scattered thunderstorms, but remaining dry. Air Temp: 18Â°C"",Wet";;
"684,2002,Spanish Grand Prix,128,""Clear, Air Temp: 20Â°C"",Not Wet";;
"685,2002,Austrian Grand Prix,129,""Clear, air temperature: 20Â°C"",Not Wet";;
686,2002,Monaco Grand Prix,130,Fine; air temperature 22Â Â°C (72Â Â°F),Not Wet;
687,2002,Canadian Grand Prix,131,Mostly fine and humid with temperatures reaching a maximum of 24.1Â Â°C (75.4Â Â°F)Wind speeds up to 8Â km/h (5.0Â mph)[1],Not Wet;;
"688,2002,European Grand Prix,132,""Mainly Fine, Air Temp: 18Â°C"",Not Wet";;
"689,2002,British Grand Prix,133,""Dry/Wet, Air Temp: 21Â°C"",Wet";;
"690,2002,French Grand Prix,134,""Warm and sunny, Air Temp: 25Â°C"",Not Wet";;
"691,2002,German Grand Prix,135,""Fine, Air Temp: 28Â°C"",Not Wet";;
"692,2002,Hungarian Grand Prix,136,""Partially cloudy, hot and sunny, Air Temp: 28Â Â°C (82Â Â°F)[4]"",Not Wet";;
"693,2002,Belgian Grand Prix,137,""Cloudy, Air: 17Â Â°C (63Â Â°F), Track 25Â Â°C (77Â Â°F)[1]"",Not Wet";;
"694,2002,Italian Grand Prix,138,""Sunny, hot, dry 23Â°C"",Not Wet";;
695,2002,United States Grand Prix,139,Sunny with temperatures reaching up to 26.7Â Â°C (80.1Â Â°F);Wind speeds approaching a maximum of 18.70Â km/h (11.62Â mph)[3]Track 34Â Â°C (93Â Â°F),Not Wet;
"696,2002,Japanese Grand Prix,140,""Sunny, Air: 26Â Â°C (79Â Â°F), Track 30Â Â°C (86Â Â°F)"",Not Wet";;
"697,2003,Australian Grand Prix,108,""Damp at beginning, dry later, cloudy, mild"",Not Wet";;
"698,2003,Malaysian Grand Prix,109,""Fine, air temperature 34Â°C (93Â°F)"",Not Wet";;
699,2003,Brazilian Grand Prix,110,Rainy: 20Â Â°C (68Â Â°F),Wet;;
700,2003,San Marino Grand Prix,111,Mostly cloudy with maximum ambient temperatures reaching 13 degrees during the day.,Not Wet;;
701,2003,Spanish Grand Prix,112,Clear,Not Wet;;
702,2003,Austrian Grand Prix,113,Mostly cloudy with isolated showers in the area,Wet;;
"703,2003,Monaco Grand Prix,114,""Sunny at start, cloudy later"",Not Wet";;
"704,2003,Japanese Grand Prix,123,""Cloudy, Air: 22Â Â°C (72Â Â°F), Track 25Â Â°C (77Â Â°F)"",Not Wet";;
705,2003,European Grand Prix,116,Mostly cloudy with maximum ambient temperatures reaching 25 degrees celsius during the day.,Not Wet;;
"706,2003,French Grand Prix,117,""Cloudy, Air: 26Â Â°C (79Â Â°F), Track 35Â Â°C (95Â Â°F)"",Not Wet";;
"707,2003,British Grand Prix,118,""Sunny at start, cloudy later, Air: 24Â Â°C (75Â Â°F), Track 29Â Â°C (84Â Â°F)[1]"",Not Wet";;
708,2003,German Grand Prix,119,Fine,Not Wet;;
"709,2003,Hungarian Grand Prix,120,""Warm, dry and sunny, 28Â Â°C (82Â Â°F)"",Not Wet";;
710,2003,Italian Grand Prix,121,Sunny,Not Wet;;
711,2003,United States Grand Prix,122,Scattered showers with temperatures up to 20.6Â Â°C (69.1Â Â°F);Wind speeds up to 25.93Â km/h (16.11Â mph)[4],Wet;
712,2003,Canadian Grand Prix,115,Partly cloudy and mild with temperatures reaching a maximum of 19.3Â Â°C (66.7Â Â°F)Wind speeds up to 12.9Â km/h (8.0Â mph)[1]Track 32Â Â°C (90Â Â°F)[2],Not Wet;;
"713,2004,European Grand Prix,96,""Cloudy at start, sunny later"",Not Wet";;
714,2004,Australian Grand Prix,90,Dry and cloudyAir temperature 20Â Â°C (68Â Â°F),Not Wet;;
"715,2004,Malaysian Grand Prix,91,""Dry, light rain at the startAir Temp 34Â Â°C (93Â Â°F)"",Wet";;
"716,2004,Bahrain Grand Prix,92,""Warm, dry and overcast"",Not Wet";;
"717,2004,San Marino Grand Prix,93,""Clear, air temp: 22Â°C"",Not Wet";;
718,2004,Spanish Grand Prix,94,Clear,Not Wet;;
719,2004,Monaco Grand Prix,95,Dry and sunny,Not Wet;;
720,2004,Canadian Grand Prix,97,Clear and mild with temperatures approaching 25.0Â Â°C (77.0Â Â°F)Wind speeds up to 5.8Â km/h (3.6Â mph)[1]Track 35Â Â°C (95Â Â°F)[2],Not Wet;;
721,2004,Japanese Grand Prix,106,Sunny,Not Wet;;
722,2004,French Grand Prix,99,Sunny,Not Wet;;
"723,2004,British Grand Prix,100,""Cloudy, Air: 17Â Â°C (63Â Â°F), Track 27Â Â°C (81Â Â°F)[2]"",Not Wet";;
724,2004,German Grand Prix,101,Sunny,Not Wet;;
"725,2004,Hungarian Grand Prix,102,""Warm, dry and sunny, Air: 26Â Â°C (79Â Â°F), Track 42Â Â°C (108Â Â°F)"",Not Wet";;
726,2004,Belgian Grand Prix,103,Dry with temperatures reaching up to 15Â Â°C (59Â Â°F)[1],Not Wet;;
"727,2004,Italian Grand Prix,104,""Wet track at the start, dry later on"",Wet";;
728,2004,Chinese Grand Prix,105,Sunny with temperatures reaching up to 27Â Â°C (81Â Â°F)[1],Not Wet;;
729,2004,United States Grand Prix,98,Fine with temperatures reaching up to 24Â Â°C (75Â Â°F);Wind speeds up to 20.55Â km/h (12.77Â mph)[2],Not Wet;
730,2004,Brazilian Grand Prix,107,Dry/Wet,Wet;;
731,2005,Monaco Grand Prix,76,Fine,Not Wet;;
"732,2005,Spanish Grand Prix,75,""Sunny, warm"",Not Wet";;
"733,2005,Australian Grand Prix,71,""Cool, partly cloudy"",Not Wet";;
"734,2005,Bahrain Grand Prix,73,""Sunny, 42Â Â°C (108Â Â°F)[1]"",Not Wet";;
"735,2005,Malaysian Grand Prix,72,""Fine, Air: 34â€“36Â Â°C (93â€“97Â Â°F) and Track: 44â€“50Â Â°C (111â€“122Â Â°F)"",Not Wet";;
"736,2005,European Grand Prix,77,""Partly cloudy, hot and dry"",Not Wet";;
737,2005,San Marino Grand Prix,74,Warm and cloudy,Not Wet;;
738,2005,Canadian Grand Prix,78,Cloudy and hot with temperatures approaching 32.5Â Â°C (90.5Â Â°F)Wind speeds up to 5.1Â km/h (3.2Â mph)[1]Track 43â€“47Â Â°C (109â€“117Â Â°F),Not Wet;;
"739,2005,German Grand Prix,82,""Cloudy with drizzle, but staying dry during the race. Air temp: 24Â°C."",Wet";;
"740,2005,French Grand Prix,80,""Sunny, Air: 32Â Â°C (90Â Â°F), Track 53Â Â°C (127Â Â°F)"",Not Wet";;
741,2005,Chinese Grand Prix,89,Sunny,Not Wet;;
742,2005,Japanese Grand Prix,88,Partially cloudy and dry with temperatures reaching up to 25Â Â°C (77Â Â°F)[1],Not Wet;;
"743,2005,Brazilian Grand Prix,87,""Partially cloudy and dry, Air: 23Â Â°C (73Â Â°F), Track 22Â Â°C (72Â Â°F)"",Not Wet";;
744,2005,Belgian Grand Prix,86,Wet and dry,Wet;;
"745,2005,United States Grand Prix,79,""Cloudy, temperatures up to 25.0Â Â°C (77.0Â Â°F)";" wind speeds up to 17.9Â km/h (11.1Â mph)[4]"",Not Wet";
746,2005,Turkish Grand Prix,84,Sunny; 30Â°C Air; 45Â°C Track,Not Wet
"747,2005,Hungarian Grand Prix,83,""Sunny, Air: 34Â Â°C (93Â Â°F), Track 45Â Â°C (113Â Â°F)"",Not Wet";;
"748,2005,British Grand Prix,81,""Sunny, Air: 27Â Â°C (81Â Â°F), Track 47Â Â°C (117Â Â°F)"",Not Wet";;
749,2005,Italian Grand Prix,85,Sunny,Not Wet;;
750,2006,Monaco Grand Prix,59,Fine,Not Wet;;
"751,2006,Bahrain Grand Prix,53,""Fine, Dry and HotAir Temp 23Â Â°C (73Â Â°F)[1]Track Temp 40Â Â°C (104Â Â°F)[1] dropping to 34Â Â°C (93Â Â°F)"",Not Wet";;
"752,2006,Malaysian Grand Prix,54,""Fine, Air Temp: 33Â°C, Wind Speed: 1.5 m/s, Humidity: 61%"",Not Wet";;
753,2006,Australian Grand Prix,55,Cloudy with sunny breaks. Air temperature 20Â°C,Not Wet;;
754,2006,European Grand Prix,57,No weather description,Not Wet;;
755,2006,Spanish Grand Prix,58,Sunny,Not Wet;;
756,2006,British Grand Prix,60,Sunny,Not Wet;;
757,2006,San Marino Grand Prix,56,Sunny,Not Wet;;
"758,2006,United States Grand Prix,62,""Sunny, hot"",Not Wet";;
"759,2006,French Grand Prix,63,""Sunny, warm"",Not Wet";;
"760,2006,German Grand Prix,64,""Sunny, warm"",Not Wet";;
761,2006,Hungarian Grand Prix,65,Cool and rainy with temperatures reaching up to 20Â Â°C (68Â Â°F)[4],Wet;;
"762,2006,Turkish Grand Prix,66,""Sunny, hot"",Not Wet";;
763,2006,Italian Grand Prix,67,Warm and sunny with temperatures reaching up to 27Â Â°C (81Â Â°F)[1],Not Wet;;
"764,2006,Chinese Grand Prix,68,""Cloudy, wet track that progressively dried up.Rainy during the last few laps."",Wet";;
765,2006,Japanese Grand Prix,69,Fine,Not Wet;;
766,2006,Brazilian Grand Prix,70,Temperatures reaching up to 23Â Â°C (73Â Â°F)[1],Not Wet;;
767,2006,Canadian Grand Prix,61,Sunny and warm with temperatures reaching up to 28Â Â°C (82Â Â°F); wind speeds up to 4.1 kilometres per hour (2.5Â mph)[1],Not Wet;
768,2007,Canadian Grand Prix,41,Warm with temperatures approaching 26Â Â°C (79Â Â°F); wind speeds up to 5.8 kilometres per hour (3.6Â mph)[1],Not Wet;
"769,2007,Monaco Grand Prix,40,""Cloudy, air temp 24â€“27Â Â°C (75â€“81Â Â°F), track temp 33â€“42Â Â°C (91â€“108Â Â°F)"",Not Wet";;
770,2007,Australian Grand Prix,36,Clear with temperatures reaching up to 21Â Â°C (70Â Â°F)[1],Not Wet;;
771,2007,Malaysian Grand Prix,37,Sunny[1],Not Wet;;
772,2007,United States Grand Prix,42,Warm (33C/91F) and clear,Not Wet;;
773,2007,Spanish Grand Prix,39,Sunny and warm,Not Wet;;
774,2007,French Grand Prix,43,Cloudy,Not Wet;;
"775,2007,Bahrain Grand Prix,38,""Sunny, dry, windy"",Not Wet";;
776,2007,European Grand Prix,45,Heavy Rain on Lap 1. Drying track at restart. Light Rain before the finish.,Wet;;
777,2007,British Grand Prix,44,Dry and sunny,Not Wet;;
"778,2007,Brazilian Grand Prix,52,""37Â Â°C (Air), 63Â Â°C (Track)"",Not Wet";;
779,2007,Chinese Grand Prix,51,Intermittent light rain,Wet;;
780,2007,Turkish Grand Prix,47,Sunny,Not Wet;;
"781,2007,Belgian Grand Prix,49,""Partly cloudy, mild and dry"",Not Wet";;
782,2007,Italian Grand Prix,48,Sunny,Not Wet;;
"783,2007,Hungarian Grand Prix,46,""Sunny, temperatures reaching up to 27Â Â°C (81Â Â°F)[4]"",Not Wet";;
784,2007,Japanese Grand Prix,50,Very heavy rain,Wet;;
"785,2008,Australian Grand Prix,18,""Clear, dry, air temperature of 39Â Â°C (102Â Â°F)."",Not Wet";;
"786,2008,Malaysian Grand Prix,19,""Sunny, partly cloudy"",Not Wet";;
787,2008,Bahrain Grand Prix,20,Dry,Not Wet;;
788,2008,Spanish Grand Prix,21,Sunny,Not Wet;;
789,2008,Turkish Grand Prix,22,Sunny with temperatures reaching up to 17Â Â°C (63Â Â°F)[3],Not Wet;;
"790,2008,Monaco Grand Prix,23,""Wet, drying later."",Wet";;
791,2008,Canadian Grand Prix,24,Hot with temperatures approaching 31Â Â°C (88Â Â°F); wind speeds up to 8.9 kilometres per hour (5.5Â mph)[1],Not Wet;
792,2008,French Grand Prix,25,Dry at first; light rain in the final stages,Wet;
"793,2008,German Grand Prix,27,""Cloudy, later sunny[1]"",Not Wet";;
"794,2008,Hungarian Grand Prix,28,""Sunny";" Air 30â€“31Â Â°C (86â€“88Â Â°F), Track 40â€“43Â Â°C (104â€“109Â Â°F)"",Not Wet";
"795,2008,Belgian Grand Prix,30,""Cloudy, rain in last 3 laps"",Wet";;
"796,2008,Italian Grand Prix,31,""Heavy rain, dry towards the end"",Wet";;
"797,2008,Singapore Grand Prix,32,""Dry, Air Temp: 28Â Â°C (82Â Â°F), Wind Speed: 2.2 metres per second (7.2Â ft/s), Humidity: 79%"",Not Wet";;
798,2008,Japanese Grand Prix,33,Cloudy with temperatures reaching up to 17Â Â°C (63Â Â°F)[4],Not Wet;;
799,2008,Chinese Grand Prix,34,Dry,Not Wet;;
"800,2008,Brazilian Grand Prix,35,""Rain at beginning and end, otherwise drying"",Wet";;
"801,2008,British Grand Prix,26,""Rain, later drying"",Wet";;
802,2008,European Grand Prix,29,Sunny,Not Wet;;
803,2009,Australian Grand Prix,1,Sunny with temperatures reaching up to 27Â Â°C (81Â Â°F)[2],Not Wet;;
"804,2009,Japanese Grand Prix,15,""Sunny, Dry"",Not Wet";;
805,2009,Brazilian Grand Prix,16,Partially cloudy and dry,Not Wet;;
806,2009,Singapore Grand Prix,14,Hot and Dry,Not Wet;;
807,2009,Italian Grand Prix,13,Mainly sunny,Not Wet;;
808,2009,Belgian Grand Prix,12,Clear but Mild,Not Wet;;
809,2009,European Grand Prix,11,Hot and dry with temperatures reaching up to 33Â Â°C (91Â Â°F)[1],Not Wet;;
810,2009,Hungarian Grand Prix,10,Sunny25Â Â°C (77Â Â°F)[3],Not Wet;;
811,2009,Abu Dhabi Grand Prix,17,Dry,Not Wet;;
812,2009,German Grand Prix,9,Sunny and overcast,Not Wet;;
813,2009,Turkish Grand Prix,7,Sunny,Not Wet;;
814,2009,Monaco Grand Prix,6,Sunny,Not Wet;;
"815,2009,Spanish Grand Prix,5,""Warm, Sunny"",Not Wet";;
816,2009,Bahrain Grand Prix,4,Sunny,Not Wet;;
817,2009,Chinese Grand Prix,3,Rain,Wet;;
"818,2009,Malaysian Grand Prix,2,""Dry start, with heavy rain and thunderstorm/monsoon later"",Wet";;
"819,2009,British Grand Prix,8,""Dry, overcast"",Not Wet";;
820,2010,Bahrain Grand Prix,337,Sunny,Not Wet;;
821,2010,Abu Dhabi Grand Prix,355,Dry[3]Air Temp 28Â Â°C (82Â Â°F)[3]Track Temp 33Â Â°C (91Â Â°F) dropping to 29Â Â°C (84Â Â°F)[3],Not Wet;;
"822,2010,Malaysian Grand Prix,339,""Mainly cloudy, dry"",Not Wet";;
823,2010,Brazilian Grand Prix,354,Clear; 25Â Â°C (77Â Â°F),Not Wet;
"824,2010,Korean Grand Prix,353,""Rain. Air 20Â Â°C (68Â Â°F), Track 18Â Â°C (64Â Â°F)"",Wet";;
825,2010,Japanese Grand Prix,352,Sunny,Not Wet;;
"826,2010,Singapore Grand Prix,351,""Clear";" Air temp 29 to 30Â Â°C (84 to 86Â Â°F), Track temp 31Â Â°C (88Â Â°F)[5][6]"",Not Wet";
827,2010,Australian Grand Prix,338,Overcast with light rain at start,Wet;;
828,2010,Belgian Grand Prix,349,Intermittent rain,Wet;;
829,2010,Hungarian Grand Prix,348,Mainly sunny28Â Â°C (82Â Â°F)[1],Not Wet;;
"830,2010,German Grand Prix,347,""Mainly cloudy, dry[4]"",Not Wet";;
831,2010,Italian Grand Prix,350,Sunny,Not Wet;;
832,2010,European Grand Prix,345,Dry[3],Not Wet;;
833,2010,Canadian Grand Prix,344,Warm with temperatures approaching 26Â Â°C (79Â Â°F); wind speeds up to 4.9 kilometres per hour (3.0Â mph)[1],Not Wet;
834,2010,Turkish Grand Prix,343,Air: 28 to 29Â Â°C (82 to 84Â Â°F) Track: 39 to 49Â Â°C (102 to 120Â Â°F),Not Wet;;
"835,2010,Monaco Grand Prix,342,""Mainly cloudy, dry"",Not Wet";;
"836,2010,Spanish Grand Prix,341,""Mainly cloudy, dry"",Not Wet";;
"837,2010,Chinese Grand Prix,340,""Cloudy, rain"",Wet";;
838,2010,British Grand Prix,346,Mainly sunny,Not Wet;;
"839,2011,Belgian Grand Prix,852,""Cloudy, dry"",Not Wet";;
840,2011,Brazilian Grand Prix,859,FineAir Temp 24Â Â°C (75Â Â°F)  Track Temp 43Â Â°C (109Â Â°F)[1],Not Wet;;
841,2011,Abu Dhabi Grand Prix,858,Fine and DryAir Temp 25Â Â°C (77Â Â°F)[1],Not Wet;;
842,2011,Indian Grand Prix,857,Fine and DryAir Temp 30Â Â°C (86Â Â°F)[1],Not Wet;;
"843,2011,Korean Grand Prix,856,""Dry, light rain at the startAir Temp 21Â Â°C (70Â Â°F)[2]"",Wet";;
844,2011,Japanese Grand Prix,855,Sunny and dryAir Temp 24Â Â°C (75Â Â°F)[3],Not Wet;;
845,2011,Singapore Grand Prix,854,Hot and humidAir Temp 31Â Â°C (88Â Â°F)[1],Not Wet;;
846,2011,Italian Grand Prix,853,Mainly sunny,Not Wet;;
"847,2011,Hungarian Grand Prix,851,""Cloudy, rain showers"",Wet";;
"848,2011,Canadian Grand Prix,847,""Wet at start, very heavy rain later, after rain stops, track drying towards the end. Temperatures up to 27Â Â°C (81Â Â°F)";" wind speeds up to 12 kilometres per hour (7.5Â mph)[2]"",Wet";
849,2011,British Grand Prix,849,Wet track at start; subsequently drying.[1]Air Temp 20Â Â°C (68Â Â°F)[1]Track Temp 22Â Â°C (72Â Â°F)[1],Wet;
"850,2011,Australian Grand Prix,841,""Sunny, 18Â°C"",Not Wet";;
"851,2011,Malaysian Grand Prix,842,""Cloudy, dry"",Not Wet";;
852,2011,Chinese Grand Prix,843,Fine and Dry[1]Air Temp 22Â Â°C (72Â Â°F)[1]Track Temp 32Â Â°C (90Â Â°F) dropping to 26Â Â°C (79Â Â°F)[1],Not Wet;;
"853,2011,Turkish Grand Prix,844,""Sunny, Fine and Dry[2]Air Temp 17Â Â°C (63Â Â°F)[2]Track Temp 35Â Â°C (95Â Â°F) dropping to 30Â Â°C (86Â Â°F)[2]"",Not Wet";;
"854,2011,German Grand Prix,850,""Cloudy, (light) rain at start"",Wet";;
"855,2011,Monaco Grand Prix,846,""Sunny, Fine and Dry[2]Air Temp 24Â Â°C (75Â Â°F)[2]Track Temp 44Â Â°C (111Â Â°F)[2]"",Not Wet";;
"856,2011,European Grand Prix,848,""Clear, Fine and Dry[1][2]Air Temp 27Â Â°C (81Â Â°F)[2]Track Temp 47Â Â°C (117Â Â°F)[2]"",Not Wet";;
"857,2011,Spanish Grand Prix,845,""Mainly sunny, Fine and Dry[3][4]Air Temp 27Â Â°C (81Â Â°F)[4]Track Temp 33Â Â°C (91Â Â°F) to 44Â Â°C (111Â Â°F)[4]"",Not Wet";;
"858,2012,Brazilian Grand Prix,879,""Race start: drops of rain, light rain shower getting heavier at the end.[2]Air Temp 19Â Â°C (66Â Â°F)[2]Track Temp 21Â Â°C (70Â Â°F)[2]"",Wet";;
859,2012,Hungarian Grand Prix,870,Fine and Dry. Very Hot[2][3]Air Temp 30Â Â°C (86Â Â°F)[3]Track Temp 45Â Â°C (113Â Â°F)[3],Not Wet;;
860,2012,Abu Dhabi Grand Prix,877,Dry[2]Air Temp 29Â Â°C (84Â Â°F)[2]Track Temp 34Â Â°C (93Â Â°F) dropping to 29Â Â°C (84Â Â°F)[2],Not Wet;;
"861,2012,Indian Grand Prix,876,""Fine, Dry, a little hazy and a little dusty[2]Air Temp 30Â Â°C (86Â Â°F)[2]Track Temp 36Â Â°C (97Â Â°F) dropping to 31Â Â°C (88Â Â°F)[2]"",Not Wet";;
862,2012,Korean Grand Prix,875,Fine and Dry[3]Air Temp 21Â Â°C (70Â Â°F)[3]Track Temp 27Â Â°C (81Â Â°F) dropping to 23Â Â°C (73Â Â°F)[3],Not Wet;;
863,2012,Japanese Grand Prix,874,Fine and Dry[2]Air Temp 23Â Â°C (73Â Â°F)[2]Track Temp 32Â Â°C (90Â Â°F)[2],Not Wet;;
864,2012,Singapore Grand Prix,873,Hot and humid[2]Air Temp 29Â Â°C (84Â Â°F)[2]Track Temp 31Â Â°C (88Â Â°F)[2],Not Wet;;
865,2012,Italian Grand Prix,872,Dry and sizzlingly sunny[2]Air temp 28Â Â°C (82Â Â°F)[2]Track temp 40Â Â°C (104Â Â°F)[2],Not Wet;;
866,2012,Belgian Grand Prix,871,Fine and Dry[4]Air Temp 23Â Â°C (73Â Â°F)[4]Track Temp 33Â Â°C (91Â Â°F)[4],Not Wet;;
867,2012,United States Grand Prix,878,Scattered clouds[2][3]Air temp 24Â Â°C (75Â Â°F)[3]Track temp 32Â Â°C (90Â Â°F)[3],Not Wet;;
868,2012,German Grand Prix,869,Fine and Dry[2]Air Temp 22Â Â°C (72Â Â°F)[2]Track Temp 30Â Â°C (86Â Â°F)[2],Not Wet;;
869,2012,European Grand Prix,867,Fine and Dry[2]Air Temp 27Â Â°C (81Â Â°F)[2]Track Temp 45Â Â°C (113Â Â°F)[2],Not Wet;;
"870,2012,Canadian Grand Prix,866,""Fine, dry and warm";"[2]with air temperature approaching 29Â Â°C (84Â Â°F)[2]Track Temp 45Â Â°C (113Â Â°F) dropping to 39Â Â°C (102Â Â°F)[2]"",Not Wet";
"871,2012,Monaco Grand Prix,865,""Fine and Dry, showers threatening at end[2]Air Temp 21Â Â°C (70Â Â°F)[2]Track Temp 38Â Â°C (100Â Â°F) dropping to 31Â Â°C (88Â Â°F)[2]"",Wet";;
"872,2012,Spanish Grand Prix,864,""Partially cloudy, dry: Air 23Â Â°C (73Â Â°F), Track 36Â Â°C (97Â Â°F)"",Not Wet";;
873,2012,Bahrain Grand Prix,863,Sunny and hot[1][2]Air Temp 27Â Â°C (81Â Â°F)[2]Track Temp 33Â Â°C (91Â Â°F) dropping to 29Â Â°C (84Â Â°F)[2],Not Wet;;
874,2012,Chinese Grand Prix,862,Overcast but Dry[1]Air Temp 22Â Â°C (72Â Â°F)[1]Track Temp 23Â Â°C (73Â Â°F)[1],Not Wet;;
875,2012,Malaysian Grand Prix,861,Heavy rain clearing to cloudy and dry[2]Air Temp 26Â Â°C (79Â Â°F)[2] Track Temp 29Â Â°C (84Â Â°F) dropping to 24Â Â°C (75Â Â°F) [2],Wet;;
876,2012,Australian Grand Prix,860,Fine[1]Air Temp 22Â Â°C (72Â Â°F)[1]Track Temp 30Â Â°C (86Â Â°F) dropping to 22Â Â°C (72Â Â°F)[1],Not Wet;;
877,2012,British Grand Prix,868,DryAir Temp 20Â Â°C (68Â Â°F)[2]Track Temp 31Â Â°C (88Â Â°F)[2],Not Wet;;
878,2013,Singapore Grand Prix,893,Dry and 29 degrees,Not Wet;;
879,2013,Korean Grand Prix,894,Cloudy with maximum temperatures reaching 29 degrees during the day,Not Wet;;
880,2013,Japanese Grand Prix,895,Warm and sunny,Not Wet;;
881,2013,Italian Grand Prix,892,Cloudy,Not Wet;;
882,2013,Abu Dhabi Grand Prix,897,Clear,Not Wet;;
"883,2013,United States Grand Prix,898,""Partly cloudy, warmTemperatures reaching up to 89.1Â Â°F (31.7Â Â°C)";" wind speeds approaching speeds of 11.1 miles per hour (17.9Â km/h)[2]"",Not Wet";
"884,2013,Brazilian Grand Prix,899,""Cloudy, Air Temp: 18Â°C"",Not Wet";;
"885,2013,Indian Grand Prix,896,""Sunny, haze"",Not Wet";;
886,2013,Belgian Grand Prix,891,Cloudy,Not Wet;;
887,2013,Canadian Grand Prix,886,Mild with temperatures approaching 23Â Â°C (73Â Â°F); wind speeds up to 15 kilometres per hour (9.3Â mph)[2],Not Wet;
888,2013,German Grand Prix,888,Sunny,Not Wet;;
889,2013,Malaysian Grand Prix,881,Light rain clearing to cloudy and dry,Wet;;
890,2013,Chinese Grand Prix,882,Cloudy,Not Wet;;
891,2013,Bahrain Grand Prix,883,Sunny,Not Wet;;
"892,2013,Australian Grand Prix,880,""Scattered Clouds, Fine and Dry[2]Air Temp 18Â Â°C (64Â Â°F)[2]Track Temp 25Â Â°C (77Â Â°F) dropping to 19Â Â°C (66Â Â°F)[2]"",Not Wet";;
893,2013,Monaco Grand Prix,885,Warm and sunny,Not Wet;;
894,2013,British Grand Prix,887,Dry,Not Wet;;
895,2013,Spanish Grand Prix,884,Sunny,Not Wet;;
"896,2013,Hungarian Grand Prix,890,""Very hot and sunny, 35Â Â°C."",Not Wet";;
"897,2014,Abu Dhabi Grand Prix,918,""Clear skies";" Air temp: 30 Â°C (86 Â°F) during the day, dropping to 24 Â°C (75.2 Â°F). Wind speed: 8 km/h (4.9 mph).[2] (Night race)"",Not Wet";
"898,2014,Hungarian Grand Prix,910,""Overcast. Wet track at start, then drying.Scattered thunderstorms during the day, temperatures reaching a maximum of 26 degrees.[1]"",Wet";;
"899,2014,Brazilian Grand Prix,917,""Sunny, Air: 23 to 24Â Â°C (73 to 75Â Â°F), Track: 46 to 50Â Â°C (115 to 122Â Â°F)"",Not Wet";;
900,2014,United States Grand Prix,916,Sunny,Not Wet;;
"901,2014,Russian Grand Prix,915,""Fine and dry";"21Â Â°C (70Â Â°F) ambient temperature,33Â Â°C (91Â Â°F) track temperature[4]"",Not Wet";
902,2014,Japanese Grand Prix,914,Rain. Air: 20Â Â°C (68Â Â°F) Track: 24Â Â°C (75Â Â°F),Wet;;
903,2014,Singapore Grand Prix,913,Clear. Air: 28 to 30Â Â°C (82 to 86Â Â°F) Track: 33 to 37Â Â°C (91 to 99Â Â°F).,Not Wet;;
"904,2014,Italian Grand Prix,912,""Sunny";" Air: 25Â Â°C (77Â Â°F), Track: 37 to 42Â Â°C (99 to 108Â Â°F)"",Not Wet";
905,2014,Belgian Grand Prix,911,Mostly cloudy,Not Wet;;
906,2014,German Grand Prix,909,Cloudy with maximum temperatures reaching 26 degrees during the day.,Not Wet;;
"907,2014,Austrian Grand Prix,907,""Partially cloudy, hot and dry"",Not Wet";;
908,2014,Canadian Grand Prix,906,Temperatures up to 27.6Â Â°C (81.7Â Â°F); wind speeds up to 16.4 kilometres per hour (10.2Â mph)[5],Not Wet;
"909,2014,Monaco Grand Prix,905,""Overcast, Air: 20 to 21Â Â°C (68 to 70Â Â°F), Track: 28 to 30Â Â°C (82 to 86Â Â°F)."",Not Wet";;
910,2014,Spanish Grand Prix,904,Sunny,Not Wet;;
"911,2014,Chinese Grand Prix,903,""Mostly cloudy, dry"",Not Wet";;
912,2014,Bahrain Grand Prix,902,Dry,Not Wet;;
"913,2014,Malaysian Grand Prix,901,""Dry, 32Â°C"",Not Wet";;
"914,2014,Australian Grand Prix,900,""Overcast, 19Â Â°C(66Â Â°F)"",Not Wet";;
915,2014,British Grand Prix,908,Mostly cloudy with maximum temperatures reaching 21 degrees during the day.,Not Wet;;
916,2015,Italian Grand Prix,938,Partly cloudy22â€“23Â Â°C (72â€“73Â Â°F) air temperature38â€“39Â Â°C (100â€“102Â Â°F) track temperature1.5Â m/s (4.9Â ft/s) wind from changing directions[2],Not Wet;;
917,2015,Singapore Grand Prix,939,Dry28â€“29Â Â°C (82â€“84Â Â°F) air temperature34â€“36Â Â°C (93â€“97Â Â°F) track temperature0.5Â m/s (1.6Â ft/s) wind from the west[2],Not Wet;;
918,2015,Japanese Grand Prix,940,Partly cloudy27Â Â°C (81Â Â°F) air temperature52â€“54Â Â°C (126â€“129Â Â°F) track temperature4.5Â m/s (15Â ft/s) wind from the east[2],Not Wet;;
919,2015,Abu Dhabi Grand Prix,945,Clear25â€“27Â Â°C (77â€“81Â Â°F) air temperature28â€“29Â Â°C (82â€“84Â Â°F) track temperature1.5Â m/s (4.9Â ft/s) wind from the south[3],Not Wet;;
920,2015,United States Grand Prix,942,Very cloudy17Â Â°C (63Â Â°F) air temperature17â€“20Â Â°C (63â€“68Â Â°F) track temperature8Â m/s (26Â ft/s) wind from the south[2],Not Wet;;
921,2015,Mexican Grand Prix,943,Partly cloudy22â€“24Â Â°C (72â€“75Â Â°F) air temperature48â€“56Â Â°C (118â€“133Â Â°F) track temperature1.5Â m/s (4.9Â ft/s) wind from the northwest[2],Not Wet;;
922,2015,Brazilian Grand Prix,944,Dry22â€“28Â Â°C (72â€“82Â Â°F) air temperature38â€“48Â Â°C (100â€“118Â Â°F) track temperature2.5Â m/s (8.2Â ft/s) wind from the north[2],Not Wet;;
923,2015,Russian Grand Prix,941,Partly cloudy18Â Â°C (64Â Â°F) air temperature25â€“27Â Â°C (77â€“81Â Â°F) track temperature1.5Â m/s (4.9Â ft/s) wind from the north[2],Not Wet;;
924,2015,Hungarian Grand Prix,936,Sunny22â€“24Â Â°C (72â€“75Â Â°F) air temperature41â€“48Â Â°C (106â€“118Â Â°F) track temperature3.2Â m/s (10Â ft/s) wind from the east[2],Not Wet;;
925,2015,Belgian Grand Prix,937,Cloudy23Â Â°C (73Â Â°F) air temperature33â€“37Â Â°C (91â€“99Â Â°F) track temperature3.5Â m/s (11Â ft/s) wind from the northwest[2],Not Wet;;
926,2015,Austrian Grand Prix,933,Cloudy14â€“15Â Â°C (57â€“59Â Â°F) air temperature27â€“32Â Â°C (81â€“90Â Â°F) track temperature2Â m/s (6.6Â ft/s) wind from the west[2],Not Wet;;
927,2015,Monaco Grand Prix,931,Partly cloudy18â€“19Â Â°C (64â€“66Â Â°F) air temperature31â€“37Â Â°C (88â€“99Â Â°F) track temperature1.5Â m/s (4.9Â ft/s) wind from the west[2],Not Wet;;
928,2015,Canadian Grand Prix,932,Sunny20â€“21Â Â°C (68â€“70Â Â°F) air temperature39Â Â°C (102Â Â°F) track temperature4Â m/s (13Â ft/s) wind from the north[2],Not Wet;;
"929,2015,Bahrain Grand Prix,929,""Sunny, clear24â€“26Â Â°C (75â€“79Â Â°F) air temperature28â€“31Â Â°C (82â€“88Â Â°F) track temperature1.5Â m/s (4.9Â ft/s) wind from the north[1]"",Not Wet";;
"930,2015,British Grand Prix,934,""Cloudy, rain at times17â€“20Â Â°C (63â€“68Â Â°F) air temperature24â€“32Â Â°C (75â€“90Â Â°F) track temperature2.5Â m/s (8.2Â ft/s) wind from the east[2]"",Wet";;
931,2015,Chinese Grand Prix,928,Sunny21Â Â°C (70Â Â°F) air temperature46Â Â°C (115Â Â°F) track temperature1.4Â m/s (4.6Â ft/s) wind from the northwest[1],Not Wet;;
932,2015,Australian Grand Prix,926,Partly cloudy17â€“18Â Â°C (63â€“64Â Â°F) air temperature32â€“37Â Â°C (90â€“99Â Â°F) track temperature6Â m/s (20Â ft/s) wind from the south[3],Not Wet;;
933,2015,Malaysian Grand Prix,927,Sunny32â€“33Â Â°C (90â€“91Â Â°F) air temperature53â€“58Â Â°C (127â€“136Â Â°F) track temperature2Â m/s (6.6Â ft/s) wind from the south[3],Not Wet;;
934,2015,Spanish Grand Prix,930,Sunny25Â Â°C (77Â Â°F) air temperature44Â Â°C (111Â Â°F) track temperature1.8Â m/s (5.9Â ft/s) wind from the northeast[3],Not Wet;;
935,2016,Abu Dhabi Grand Prix,968,Sunny,Not Wet;;
936,2016,German Grand Prix,959,Partially cloudy and dry,Not Wet;;
937,2016,Mexican Grand Prix,966,Sunny,Not Wet;;
938,2016,United States Grand Prix,965,Sunny and hot with temperatures reaching up to 84Â Â°F (29Â Â°C); wind speeds approaching speeds of 9.2 miles per hour (14.8Â km/h)[2],Not Wet;
939,2016,Japanese Grand Prix,964,Cloudy,Not Wet;;
940,2016,Malaysian Grand Prix,963,Sunny33Â Â°C (91Â Â°F) air temperature49Â Â°C (120Â Â°F) track temperature2.8Â m/s (9.2Â ft/s) wind from the west[2],Not Wet;;
941,2016,Singapore Grand Prix,962,Clear30Â Â°C (86Â Â°F) air temperature34â€“35Â Â°C (93â€“95Â Â°F) track temperature1.5Â m/s (4.9Â ft/s) wind from the east[2],Not Wet;;
"942,2016,Italian Grand Prix,961,""Sunny, warm"",Not Wet";;
943,2016,Belgian Grand Prix,960,Partially cloudy and dry,Not Wet;;
944,2016,Brazilian Grand Prix,967,Rain and 16Â Â°C (60.8Â Â°F),Wet;;
945,2016,Hungarian Grand Prix,958,Sunny,Not Wet;;
946,2016,Austrian Grand Prix,956,Cloudy,Not Wet;;
947,2016,European Grand Prix,955,Partly cloudy30â€“33Â Â°C (86â€“91Â Â°F) air temperature39â€“45Â Â°C (102â€“113Â Â°F) track temperature2.5Â m/s (8.2Â ft/s) wind from the southeast[4],Not Wet;;
948,2016,Canadian Grand Prix,954,Cloudy12Â Â°C (54Â Â°F) air temperature21â€“23Â Â°C (70â€“73Â Â°F) track temperature2.5Â m/s (8.2Â ft/s) wind from the southeast[4],Not Wet;;
"949,2016,Monaco Grand Prix,953,""Rainy at start, dry later17â€“18Â Â°C (63â€“64Â Â°F) air temperature20â€“22Â Â°C (68â€“72Â Â°F) track temperature2Â m/s (6.6Â ft/s) wind from the north[4]"",Wet";;
950,2016,Spanish Grand Prix,952,Partly cloudy20â€“22Â Â°C (68â€“72Â Â°F) air temperature39â€“41Â Â°C (102â€“106Â Â°F) track temperature2Â m/s (6.6Â ft/s) wind from the north[4],Not Wet;;
951,2016,Russian Grand Prix,951,Partly cloudy16Â Â°C (61Â Â°F) air temperature37â€“41Â Â°C (99â€“106Â Â°F) track temperature2.5Â m/s (8.2Â ft/s) wind from the southwest[4],Not Wet;;
952,2016,Chinese Grand Prix,950,Sunny21Â Â°C (70Â Â°F) air temperature37Â Â°C (99Â Â°F) track temperature4.8Â m/s (16Â ft/s) wind from the northeast[4],Not Wet;;
953,2016,Bahrain Grand Prix,949,Dry21â€“22Â Â°C (70â€“72Â Â°F) air temperature26â€“29Â Â°C (79â€“84Â Â°F) track temperature2Â m/s (6.6Â ft/s) wind from the southwest[4],Not Wet;;
954,2016,Australian Grand Prix,948,Partly cloudy22â€“23Â Â°C (72â€“73Â Â°F) air temperature26â€“36Â Â°C (79â€“97Â Â°F) track temperature4Â m/s (8.9Â mph; 14Â km/h) wind from the south[4],Not Wet;
"955,2016,British Grand Prix,957,""Wet at start, dry later"",Wet";;
956,2017,Italian Grand Prix,981,Sunny,Not Wet;;
"957,2017,Singapore Grand Prix,982,""Wet at start, then drying. Air temperature: 28Â°C (82Â°F)"",Wet";;
958,2017,Malaysian Grand Prix,983,Cloudy,Not Wet;;
959,2017,Japanese Grand Prix,984,Sunny,Not Wet;;
960,2017,Belgian Grand Prix,980,Partially cloudy and dry,Not Wet;;
"961,2017,Mexican Grand Prix,986,""Sunny, dry"",Not Wet";;
962,2017,Brazilian Grand Prix,987,Sunny,Not Wet;;
963,2017,Abu Dhabi Grand Prix,988,Clear,Not Wet;;
964,2017,United States Grand Prix,985,Sunny with temperatures reaching up to 82.9Â Â°F (28.3Â Â°C); wind speeds approaching speeds of 13.8 miles per hour (22.2Â km/h)[4],Not Wet;
965,2017,Hungarian Grand Prix,979,Sunny,Not Wet;;
966,2017,Austrian Grand Prix,977,Partly cloudy,Not Wet;;
967,2017,British Grand Prix,978,Overcast,Not Wet;;
968,2017,Azerbaijan Grand Prix,976,Sunny,Not Wet;;
969,2017,Canadian Grand Prix,975,Sunny and hot with temperatures reaching up to 29Â Â°C (84Â Â°F); wind speeds reaching 12.9 kilometres per hour (8.0Â mph)[4],Not Wet;
970,2017,Monaco Grand Prix,974,Sunny,Not Wet;;
971,2017,Spanish Grand Prix,973,Sunny,Not Wet;;
972,2017,Russian Grand Prix,972,Sunny,Not Wet;;
973,2017,Bahrain Grand Prix,971,Clear,Not Wet;;
"974,2017,Chinese Grand Prix,970,""Light rain at start, drying later."",Wet";;
975,2017,Australian Grand Prix,969,Partly cloudy24Â Â°C (75Â Â°F) air temperature31â€“36Â Â°C (88â€“97Â Â°F) track temperature2Â m/s (4.5Â mph; 7.2Â km/h) wind from the northwest[3],Not Wet;
976,2018,Italian Grand Prix,1002,Sunny,Not Wet;;
977,2018,Singapore Grand Prix,1003,Clear,Not Wet;;
978,2018,Russian Grand Prix,1004,Cloudy,Not Wet;;
979,2018,Japanese Grand Prix,1005,Partly cloudy,Not Wet;;
980,2018,Hungarian Grand Prix,1000,Sunny,Not Wet;;
981,2018,Mexican Grand Prix,1007,Sunny,Not Wet;;
982,2018,Brazilian Grand Prix,1008,Cloudy,Not Wet;;
983,2018,Belgian Grand Prix,1001,Cloudy,Not Wet;;
984,2018,United States Grand Prix,1006,Partly cloudy,Not Wet;;
985,2018,Abu Dhabi Grand Prix,1009,Clear,Not Wet;;
"986,2018,French Grand Prix,996,""Partially cloudy, warm and dry"",Not Wet";;
987,2018,British Grand Prix,998,Sunny 27.0Â Â°C (80.6Â Â°F)[2],Not Wet;;
988,2018,Austrian Grand Prix,997,Sunny,Not Wet;;
989,2018,Canadian Grand Prix,995,Temperatures reaching up to 22.7Â Â°C (72.9Â Â°F); with wind speeds reaching 11.1 kilometres per hour (6.9Â mph)[2],Not Wet;
990,2018,Monaco Grand Prix,994,Sunny,Not Wet;;
"991,2018,Spanish Grand Prix,993,""Partially cloudy and dry, 16Â°C and cold."",Not Wet";;
992,2018,Azerbaijan Grand Prix,992,Cloudy,Not Wet;;
993,2018,Chinese Grand Prix,991,Sunny,Not Wet;;
994,2018,Bahrain Grand Prix,990,Clear,Not Wet;;
995,2018,Australian Grand Prix,989,Sunny,Not Wet;;
996,2018,German Grand Prix,999,Overcast with intermittent rain,Wet;;
997,2019,Singapore Grand Prix,1024,Slightly hazy,Not Wet;;
998,2019,Belgian Grand Prix,1022,Partly cloudy,Not Wet;;
999,2019,Italian Grand Prix,1023,Partly cloudy,Not Wet;;
1000,2019,Russian Grand Prix,1025,Partly cloudy,Not Wet;;
1001,2019,British Grand Prix,1019,Partly cloudy,Not Wet;;
1002,2019,Mexican Grand Prix,1027,Partly cloudy,Not Wet;;
1003,2019,United States Grand Prix,1028,Sunny,Not Wet;;
1004,2019,Brazilian Grand Prix,1029,Sunny,Not Wet;;
1005,2019,Abu Dhabi Grand Prix,1030,Clear,Not Wet;;
1006,2019,Japanese Grand Prix,1026,Sunny,Not Wet;;
1007,2019,Hungarian Grand Prix,1021,Sunny,Not Wet;;
1008,2019,Canadian Grand Prix,1016,Temperatures reaching up to 29.6Â Â°C (85.3Â Â°F); wind speeds negligible[2],Not Wet;
"1009,2019,Austrian Grand Prix,1018,""Sunny, 36C (97F)"",Not Wet";;
"1010,2019,German Grand Prix,1020,""Early rain, Late clouds"",Wet";;
1011,2019,Bahrain Grand Prix,1011,Clear,Not Wet;;
1012,2019,Chinese Grand Prix,1012,Partly cloudy,Not Wet;;
1013,2019,Azerbaijan Grand Prix,1013,Mostly sunny,Not Wet;;
1014,2019,Australian Grand Prix,1010,Sunny,Not Wet;;
1015,2019,Monaco Grand Prix,1015,Overcast,Not Wet;;
1016,2019,French Grand Prix,1017,Clear,Not Wet;;
1017,2019,Spanish Grand Prix,1014,Sunny,Not Wet;;
1018,2020,Abu Dhabi Grand Prix,1047,Clear,Not Wet;;
1019,2020,Sakhir Grand Prix,1046,Clear,Not Wet;;
1020,2020,Bahrain Grand Prix,1045,Clear,Not Wet;;
1021,2020,Turkish Grand Prix,1044,Overcast. Wet and drying track. Air: 11â€“14Â Â°C (52â€“57Â Â°F); Track: 14â€“17Â Â°C (57â€“63Â Â°F),Wet;
1022,2020,Emilia Romagna Grand Prix,1043,Partly cloudy,Not Wet;;
1023,2020,Portuguese Grand Prix,1042,Cloudy,Not Wet;;
"1024,2020,Eifel Grand Prix,1041,""Partly cloudy, 10Â Â°C (50Â Â°F)"",Not Wet";;
1025,2020,Russian Grand Prix,1040,Sunny,Not Wet;;
1026,2020,Belgian Grand Prix,1037,Partly cloudy,Not Wet;;
1027,2020,Italian Grand Prix,1038,Sunny,Not Wet;;
1028,2020,Spanish Grand Prix,1036,Partly cloudy,Not Wet;;
1029,2020,70th Anniversary Grand Prix,1035,Sunny,Not Wet;;
1030,2020,British Grand Prix,1034,Partly cloudy,Not Wet;;
"1031,2020,Hungarian Grand Prix,1033,""Wet at start, partly cloudy"",Wet";;
1032,2020,Styrian Grand Prix,1032,Sunny,Not Wet;;
1033,2020,Austrian Grand Prix,1031,Sunny,Not Wet;;
1034,2020,Tuscan Grand Prix,1039,Sunny,Not Wet;;
1035,2021,Russian Grand Prix,1066,Cloudy and rainy,Wet;;
1036,2021,Belgian Grand Prix,1063,Wet; persistent rain,Wet;
1037,2021,Dutch Grand Prix,1064,Sunny,Not Wet;;
1038,2021,Italian Grand Prix,1065,Sunny,Not Wet;;
1039,2021,Turkish Grand Prix,1067,Overcast with intermittent rain,Wet;;
1040,2021,Austrian Grand Prix,1060,Partly cloudy,Not Wet;;
1041,2021,Mexico City Grand Prix,1070,Sunny,Not Wet;;
1042,2021,SÃ£o Paulo Grand Prix,1071,Sunny,Not Wet;;
1043,2021,Saudi Arabian Grand Prix,1072,Clear,Not Wet;;
1044,2021,Abu Dhabi Grand Prix,1073,Clear,Not Wet;;
1045,2021,United States Grand Prix,1069,Sunny,Not Wet;;
1046,2021,Hungarian Grand Prix,1062,Rain and sunny. Ambient: 26 to 29Â Â°C (79 to 84Â Â°F); Surface: 31 to 52Â Â°C (88 to 126Â Â°F).[3],Wet;
1047,2021,Portuguese Grand Prix,1054,Light cloud,Not Wet;;
1048,2021,French Grand Prix,1059,Windy and partly cloudy. Ambient temperature: 24 to 27Â Â°C (75 to 81Â Â°F); Surface temperature: 33 to 38Â Â°C (91 to 100Â Â°F),Not Wet;
"1049,2021,Bahrain Grand Prix,1052,""Clear, 21Â Â°C (70Â Â°F)"",Not Wet";;
1050,2021,Qatar Grand Prix,1051,Clear,Not Wet;;
1051,2021,British Grand Prix,1061,Clear. Ambient: 29 to 31Â Â°C (84 to 88Â Â°F); Surface: 48 to 52Â Â°C (118 to 126Â Â°F),Not Wet;
"1052,2021,Emilia Romagna Grand Prix,1053,""Wet at start, drying during race, 9Â Â°C (48Â Â°F)"",Wet";;
1053,2021,Monaco Grand Prix,1056,Sunny,Not Wet;;
1054,2021,Azerbaijan Grand Prix,1057,Sunny,Not Wet;;
1055,2021,Styrian Grand Prix,1058,Partly cloudy. Ambient temperature: 25 to 29Â Â°C (77 to 84Â Â°F); Surface temperature: 48 to 56Â Â°C (118 to 133Â Â°F),Not Wet;
1056,2021,Spanish Grand Prix,1055,Cloudy,Not Wet;;
1057,2022,Abu Dhabi Grand Prix,1096,Clear,Not Wet;;
1058,2022,Belgian Grand Prix,1087,Sunny,Not Wet;;
1059,2022,SÃ£o Paulo Grand Prix,1095,Cloudy,Not Wet;;
1060,2022,Mexico City Grand Prix,1094,Partly cloudy,Not Wet;;
1061,2022,United States Grand Prix,1093,Partly cloudy,Not Wet;;
1062,2022,Japanese Grand Prix,1092,Rain,Wet;;
1063,2022,Singapore Grand Prix,1091,Partly cloudy in a wet and drying track,Wet;;
1064,2022,Italian Grand Prix,1089,Sunny,Not Wet;;
1065,2022,Dutch Grand Prix,1088,Partly cloudy,Not Wet;;
"1066,2022,Hungarian Grand Prix,1086,""Overcast with drizzle throughout, light rain at the end"",Wet";;
1067,2022,French Grand Prix,1085,Sunny,Not Wet;;
1068,2022,Bahrain Grand Prix,1074,Clear,Not Wet;;
1069,2022,British Grand Prix,1083,Partly cloudy,Not Wet;;
1070,2022,Canadian Grand Prix,1082,Sunny,Not Wet;;
1071,2022,Azerbaijan Grand Prix,1081,Sunny,Not Wet;;
1072,2022,Monaco Grand Prix,1080,Rain and partly cloudy in wet-and-drying track conditions,Wet;;
1073,2022,Spanish Grand Prix,1079,Sunny,Not Wet;;
"1074,2022,Miami Grand Prix,1078,""Warm, partly cloudy"",Not Wet";;
1075,2022,Emilia Romagna Grand Prix,1077,Cloudy in a wet and drying track[2],Wet;;
1076,2022,Australian Grand Prix,1076,Partly cloudy,Not Wet;;
1077,2022,Saudi Arabian Grand Prix,1075,Clear,Not Wet;;
1078,2022,Austrian Grand Prix,1084,Partly cloudy,Not Wet;;
1079,2023,Italian Grand Prix,1112,Sunny,Not Wet;;
1080,2023,Singapore Grand Prix,1113,Clear,Not Wet;;
1081,2023,Japanese Grand Prix,1114,Sunny,Not Wet;;
1082,2023,Qatar Grand Prix,1115,Clear,Not Wet;;
1083,2023,Dutch Grand Prix,1111,Cloudy and rainy,Wet;;
1084,2023,Mexico City Grand Prix,1117,Sunny,Not Wet;;
1085,2023,SÃ£o Paulo Grand Prix,1118,Partly cloudy,Not Wet;;
1086,2023,Las Vegas Grand Prix,1119,Clear,Not Wet;;
1087,2023,Abu Dhabi Grand Prix,1120,Clear,Not Wet;;
1088,2023,United States Grand Prix,1116,Sunny,Not Wet;;
"1089,2023,Belgian Grand Prix,1110,""Partly cloudy, with a rain interval"",Wet";;
1090,2023,Bahrain Grand Prix,1098,Clear,Not Wet;;
1091,2023,British Grand Prix,1108,Partly cloudy,Not Wet;;
1092,2023,Austrian Grand Prix,1107,Cloudy,Not Wet;;
1093,2023,Canadian Grand Prix,1106,Partly cloudy,Not Wet;;
1094,2023,Spanish Grand Prix,1105,Cloudy,Not Wet;;
"1095,2023,Monaco Grand Prix,1104,""Cloudy, with some rain intervals"",Wet";;
1096,2023,Miami Grand Prix,1102,Partly cloudy,Not Wet;;
1097,2023,Azerbaijan Grand Prix,1101,Partly cloudy,Not Wet;;
1098,2023,Australian Grand Prix,1100,Sunny,Not Wet;;
1099,2023,Saudi Arabian Grand Prix,1099,Clear,Not Wet;;
1100,2023,Hungarian Grand Prix,1109,Sunny,Not Wet;;
1101,2024,Belgian Grand Prix,1134,No weather description,Not Wet;;
1102,2024,Dutch Grand Prix,1135,No weather description,Not Wet;;
1103,2024,Italian Grand Prix,1136,No weather description,Not Wet;;
1104,2024,Azerbaijan Grand Prix,1137,No weather description,Not Wet;;
1105,2024,Las Vegas Grand Prix,1142,No weather description,Not Wet;;
1106,2024,United States Grand Prix,1139,No weather description,Not Wet;;
1107,2024,Mexico City Grand Prix,1140,No weather description,Not Wet;;
1108,2024,SÃ£o Paulo Grand Prix,1141,No weather description,Not Wet;;
1109,2024,Hungarian Grand Prix,1133,Partly cloudy,Not Wet;;
1110,2024,Singapore Grand Prix,1138,No weather description,Not Wet;;
1111,2024,British Grand Prix,1132,Intermittent rain,Wet;;
1112,2024,Qatar Grand Prix,1143,No weather description,Not Wet;;
1113,2024,Spanish Grand Prix,1130,Clear,Not Wet;;
"1114,2024,Canadian Grand Prix,1129,""Rainy at start, dry later"",Wet";;
1115,2024,Monaco Grand Prix,1128,Sunny,Not Wet;;
1116,2024,Emilia Romagna Grand Prix,1127,Partly cloudy,Not Wet;;
1117,2024,Miami Grand Prix,1126,Partly cloudy,Not Wet;;
1118,2024,Chinese Grand Prix,1125,Cloudy,Not Wet;;
1119,2024,Japanese Grand Prix,1124,Sunny,Not Wet;;
1120,2024,Australian Grand Prix,1123,Sunny,Not Wet;;
1121,2024,Saudi Arabian Grand Prix,1122,Clear,Not Wet;;
1122,2024,Bahrain Grand Prix,1121,Clear,Not Wet;;
1123,2024,Austrian Grand Prix,1131,Partly cloudy,Not Wet;;
1124,2024,Abu Dhabi Grand Prix,1144,No weather description,Not Wet;;
